<?xml version = '1.0' encoding = 'UTF-8'?>
<Relation class="oracle.dbtools.crest.model.design.logical.Relation" name="RELATION_37" directorySegmentName="seg_0" id="01718B5A-BFBC-5C30-7EB9-53AD73611C08">
<createdBy>carlostrejo</createdBy>
<createdTime>2015-07-06 20:09:13 UTC</createdTime>
<generatorID>F0CF842A-748E-D001-C51A-EFBBB7F20A7C</generatorID>
<ownerDesignName>nimblepm_datamodel</ownerDesignName>
<engineerTo>
<item key="9C5C99D8-B214-D89C-9355-BBEECF223389" value="true"/>
<item key="CD3D3A6E-066C-F12A-1649-FB842AE652B6" value="true"/>
</engineerTo>
<sourcePk>79C88053-96B7-40A9-85E8-80067CAD0553</sourcePk>
<identifying>false</identifying>
<optionalSource>true</optionalSource>
<optionalTarget>true</optionalTarget>
<sourceCardinality>1</sourceCardinality>
<sourceEntity>E1B8E39A-FEDC-1264-3386-66B35FAB437F</sourceEntity>
<targetCardinalityString>*</targetCardinalityString>
<targetEntity>1F2FEC07-6137-0986-E9CA-20D992761648</targetEntity>
<transferable>true</transferable>
<deleteRule>NO ACTION</deleteRule>
</Relation>