<?xml version = '1.0' encoding = 'UTF-8'?>
<Relation class="oracle.dbtools.crest.model.design.logical.Relation" name="UTBC_DEPARTMENT_TICKLER" directorySegmentName="seg_0" id="12942F01-918B-D6D4-A5D8-ABB92F812EB8">
<createdBy>carlostrejo</createdBy>
<createdTime>2015-07-06 20:09:13 UTC</createdTime>
<generatorID>6FC4AAFD-3B90-271C-08B8-726A247FF8E2</generatorID>
<ownerDesignName>nimblepm_datamodel</ownerDesignName>
<engineerTo>
<item key="9C5C99D8-B214-D89C-9355-BBEECF223389" value="true"/>
<item key="CD3D3A6E-066C-F12A-1649-FB842AE652B6" value="true"/>
</engineerTo>
<sourcePk>39AC2DDB-ED29-E5D7-BB9B-A117BDDC0A55</sourcePk>
<identifying>false</identifying>
<optionalSource>true</optionalSource>
<optionalTarget>true</optionalTarget>
<sourceCardinality>1</sourceCardinality>
<sourceEntity>1F2FEC07-6137-0986-E9CA-20D992761648</sourceEntity>
<targetCardinalityString>*</targetCardinalityString>
<targetEntity>F9C959C6-3C95-C496-7B31-94618ACF48E0</targetEntity>
<transferable>true</transferable>
<deleteRule>NO ACTION</deleteRule>
</Relation>