<?xml version = '1.0' encoding = 'UTF-8'?>
<Relation class="oracle.dbtools.crest.model.design.logical.Relation" name="RELATION_35" directorySegmentName="seg_0" id="24C0D51E-10CE-01D0-CC10-6BCA3947DADE">
<createdBy>carlostrejo</createdBy>
<createdTime>2015-07-06 20:09:13 UTC</createdTime>
<generatorID>785AB2DC-2D1D-904B-8E75-07B5C200C81F</generatorID>
<ownerDesignName>nimblepm_datamodel</ownerDesignName>
<engineerTo>
<item key="9C5C99D8-B214-D89C-9355-BBEECF223389" value="true"/>
<item key="CD3D3A6E-066C-F12A-1649-FB842AE652B6" value="true"/>
</engineerTo>
<sourcePk>79C88053-96B7-40A9-85E8-80067CAD0553</sourcePk>
<identifying>false</identifying>
<optionalSource>true</optionalSource>
<optionalTarget>true</optionalTarget>
<sourceCardinality>1</sourceCardinality>
<sourceEntity>E1B8E39A-FEDC-1264-3386-66B35FAB437F</sourceEntity>
<targetCardinalityString>*</targetCardinalityString>
<targetEntity>E8CBD037-B137-9E34-A522-D9D77AA04C6C</targetEntity>
<transferable>true</transferable>
<deleteRule>NO ACTION</deleteRule>
</Relation>