<?xml version = '1.0' encoding = 'UTF-8'?>
<Relation class="oracle.dbtools.crest.model.design.logical.Relation" name="UTBC_CONTRACT_DOCUMENT" directorySegmentName="seg_0" id="45F1338A-9C9B-EDAE-E969-840870EEE00C">
<createdBy>carlostrejo</createdBy>
<createdTime>2015-07-06 20:09:13 UTC</createdTime>
<generatorID>F0E908FF-9235-7E8D-7C8A-89C2361355A1</generatorID>
<ownerDesignName>nimblepm_datamodel</ownerDesignName>
<engineerTo>
<item key="9C5C99D8-B214-D89C-9355-BBEECF223389" value="true"/>
<item key="CD3D3A6E-066C-F12A-1649-FB842AE652B6" value="true"/>
</engineerTo>
<sourcePk>10317EAD-481F-6370-01F0-7725D83960D9</sourcePk>
<identifying>false</identifying>
<optionalSource>true</optionalSource>
<optionalTarget>true</optionalTarget>
<sourceCardinality>1</sourceCardinality>
<sourceEntity>E8CBD037-B137-9E34-A522-D9D77AA04C6C</sourceEntity>
<targetCardinalityString>*</targetCardinalityString>
<targetEntity>D3C519B5-B422-9156-9092-6BB155C52B3D</targetEntity>
<transferable>true</transferable>
<deleteRule>NO ACTION</deleteRule>
</Relation>