<?xml version = '1.0' encoding = 'UTF-8'?>
<Relation class="oracle.dbtools.crest.model.design.logical.Relation" name="RELATION_29" directorySegmentName="seg_0" id="7FBA4351-BDF4-24A0-5E0A-772CE3B61FA2">
<createdBy>carlostrejo</createdBy>
<createdTime>2015-07-06 20:09:13 UTC</createdTime>
<generatorID>D54720FD-6EB6-7AED-C573-40F127FC18D5</generatorID>
<ownerDesignName>nimblepm_datamodel</ownerDesignName>
<engineerTo>
<item key="9C5C99D8-B214-D89C-9355-BBEECF223389" value="true"/>
<item key="CD3D3A6E-066C-F12A-1649-FB842AE652B6" value="true"/>
</engineerTo>
<sourcePk>C3CE4678-4651-F747-FBF8-3E1F3348108E</sourcePk>
<identifying>false</identifying>
<optionalSource>true</optionalSource>
<optionalTarget>true</optionalTarget>
<sourceCardinality>1</sourceCardinality>
<sourceEntity>079801FD-DEFE-D086-762A-E8E60847310E</sourceEntity>
<targetCardinalityString>*</targetCardinalityString>
<targetEntity>1F2FEC07-6137-0986-E9CA-20D992761648</targetEntity>
<transferable>true</transferable>
<deleteRule>NO ACTION</deleteRule>
</Relation>