<?xml version = '1.0' encoding = 'UTF-8'?>
<Relation class="oracle.dbtools.crest.model.design.logical.Relation" name="RELATION_25" directorySegmentName="seg_0" id="8AAD0FB3-13CF-5D15-1F11-FB74D6B9FA26">
<createdBy>carlostrejo</createdBy>
<createdTime>2015-07-06 20:09:13 UTC</createdTime>
<generatorID>6FF15FF7-F567-3B8A-BC59-87C4D0B4D79B</generatorID>
<ownerDesignName>nimblepm_datamodel</ownerDesignName>
<engineerTo>
<item key="9C5C99D8-B214-D89C-9355-BBEECF223389" value="true"/>
<item key="CD3D3A6E-066C-F12A-1649-FB842AE652B6" value="true"/>
</engineerTo>
<sourcePk>AC953827-A673-7D78-7ABD-52C542FBB011</sourcePk>
<identifying>false</identifying>
<optionalSource>true</optionalSource>
<optionalTarget>true</optionalTarget>
<sourceCardinality>1</sourceCardinality>
<sourceEntity>749373AA-D203-9B64-2DE9-61D7251920F4</sourceEntity>
<targetCardinalityString>*</targetCardinalityString>
<targetEntity>ACF9975A-E810-C650-4F0C-99A7D8BA9C60</targetEntity>
<transferable>true</transferable>
<deleteRule>NO ACTION</deleteRule>
</Relation>