<?xml version = '1.0' encoding = 'UTF-8'?>
<Relation class="oracle.dbtools.crest.model.design.logical.Relation" name="UTBC_DEPARTMENT_CONTRACT" directorySegmentName="seg_0" id="90E7137A-DF23-5CC3-6F92-FA512D2E70D2">
<createdBy>carlostrejo</createdBy>
<createdTime>2015-07-06 20:09:13 UTC</createdTime>
<generatorID>F9BC6F10-5437-1BB3-571E-060769B10012</generatorID>
<ownerDesignName>nimblepm_datamodel</ownerDesignName>
<engineerTo>
<item key="9C5C99D8-B214-D89C-9355-BBEECF223389" value="true"/>
<item key="CD3D3A6E-066C-F12A-1649-FB842AE652B6" value="true"/>
</engineerTo>
<sourcePk>39AC2DDB-ED29-E5D7-BB9B-A117BDDC0A55</sourcePk>
<identifying>false</identifying>
<optionalSource>true</optionalSource>
<optionalTarget>true</optionalTarget>
<sourceCardinality>1</sourceCardinality>
<sourceEntity>1F2FEC07-6137-0986-E9CA-20D992761648</sourceEntity>
<targetCardinalityString>*</targetCardinalityString>
<targetEntity>E8CBD037-B137-9E34-A522-D9D77AA04C6C</targetEntity>
<transferable>true</transferable>
<deleteRule>NO ACTION</deleteRule>
</Relation>