<?xml version = '1.0' encoding = 'UTF-8'?>
<Relation class="oracle.dbtools.crest.model.design.logical.Relation" name="RELATION_27" directorySegmentName="seg_0" id="A60AE9A3-5877-DA54-8D96-55155E11A28E">
<createdBy>carlostrejo</createdBy>
<createdTime>2015-07-06 20:09:13 UTC</createdTime>
<generatorID>E5A35E75-1945-ABA7-BA01-31634868AF42</generatorID>
<ownerDesignName>nimblepm_datamodel</ownerDesignName>
<engineerTo>
<item key="9C5C99D8-B214-D89C-9355-BBEECF223389" value="true"/>
<item key="CD3D3A6E-066C-F12A-1649-FB842AE652B6" value="true"/>
</engineerTo>
<sourcePk>C3CE4678-4651-F747-FBF8-3E1F3348108E</sourcePk>
<identifying>false</identifying>
<optionalSource>true</optionalSource>
<optionalTarget>true</optionalTarget>
<sourceCardinality>1</sourceCardinality>
<sourceEntity>079801FD-DEFE-D086-762A-E8E60847310E</sourceEntity>
<targetCardinalityString>*</targetCardinalityString>
<targetEntity>C52183ED-C4D5-1942-98C0-DB9C295C965F</targetEntity>
<transferable>true</transferable>
<deleteRule>NO ACTION</deleteRule>
</Relation>