<?xml version = '1.0' encoding = 'UTF-8'?>
<Relation class="oracle.dbtools.crest.model.design.logical.Relation" name="RELATION_26" directorySegmentName="seg_0" id="B8F07CA1-EA84-B2C9-5FFD-F9903F519F10">
<createdBy>carlostrejo</createdBy>
<createdTime>2015-07-06 20:09:13 UTC</createdTime>
<generatorID>86BB5ECC-11BC-5056-CB3C-BBFA85BA7E3D</generatorID>
<ownerDesignName>nimblepm_datamodel</ownerDesignName>
<engineerTo>
<item key="9C5C99D8-B214-D89C-9355-BBEECF223389" value="true"/>
<item key="CD3D3A6E-066C-F12A-1649-FB842AE652B6" value="true"/>
</engineerTo>
<sourcePk>10317EAD-481F-6370-01F0-7725D83960D9</sourcePk>
<identifying>false</identifying>
<optionalSource>true</optionalSource>
<optionalTarget>true</optionalTarget>
<sourceCardinality>1</sourceCardinality>
<sourceEntity>E8CBD037-B137-9E34-A522-D9D77AA04C6C</sourceEntity>
<targetCardinalityString>*</targetCardinalityString>
<targetEntity>ACF9975A-E810-C650-4F0C-99A7D8BA9C60</targetEntity>
<transferable>true</transferable>
<deleteRule>NO ACTION</deleteRule>
</Relation>