<?xml version = '1.0' encoding = 'UTF-8'?>
<Relation class="oracle.dbtools.crest.model.design.logical.Relation" name="UTBC_CONTACT_TICKLER" directorySegmentName="seg_0" id="C55C43C8-58E8-988E-9E92-EE5FC99BD0CE">
<createdBy>carlostrejo</createdBy>
<createdTime>2015-07-06 20:09:13 UTC</createdTime>
<generatorID>2F3ACE1B-5F4E-7992-61AF-CA7C235225D8</generatorID>
<ownerDesignName>nimblepm_datamodel</ownerDesignName>
<engineerTo>
<item key="9C5C99D8-B214-D89C-9355-BBEECF223389" value="true"/>
<item key="CD3D3A6E-066C-F12A-1649-FB842AE652B6" value="true"/>
</engineerTo>
<sourcePk>C3CE4678-4651-F747-FBF8-3E1F3348108E</sourcePk>
<identifying>false</identifying>
<optionalSource>true</optionalSource>
<optionalTarget>true</optionalTarget>
<sourceCardinality>1</sourceCardinality>
<sourceEntity>079801FD-DEFE-D086-762A-E8E60847310E</sourceEntity>
<targetCardinalityString>*</targetCardinalityString>
<targetEntity>F9C959C6-3C95-C496-7B31-94618ACF48E0</targetEntity>
<transferable>true</transferable>
<deleteRule>NO ACTION</deleteRule>
</Relation>