<?xml version = '1.0' encoding = 'UTF-8'?>
<Relation class="oracle.dbtools.crest.model.design.logical.Relation" name="RELATION_16" directorySegmentName="seg_0" id="CADA2736-F869-1581-AF3E-0A1055602C3F">
<createdBy>carlostrejo</createdBy>
<createdTime>2015-07-06 20:09:13 UTC</createdTime>
<generatorID>FC9B01E4-7179-2D42-6C5B-6A60CA47C6AE</generatorID>
<ownerDesignName>nimblepm_datamodel</ownerDesignName>
<engineerTo>
<item key="9C5C99D8-B214-D89C-9355-BBEECF223389" value="true"/>
<item key="CD3D3A6E-066C-F12A-1649-FB842AE652B6" value="true"/>
</engineerTo>
<sourcePk>39AC2DDB-ED29-E5D7-BB9B-A117BDDC0A55</sourcePk>
<identifying>false</identifying>
<optionalSource>true</optionalSource>
<optionalTarget>true</optionalTarget>
<sourceCardinality>1</sourceCardinality>
<sourceEntity>1F2FEC07-6137-0986-E9CA-20D992761648</sourceEntity>
<targetCardinalityString>*</targetCardinalityString>
<targetEntity>079801FD-DEFE-D086-762A-E8E60847310E</targetEntity>
<transferable>true</transferable>
<deleteRule>NO ACTION</deleteRule>
</Relation>