<?xml version = '1.0' encoding = 'UTF-8'?>
<Relation class="oracle.dbtools.crest.model.design.logical.Relation" name="UTBC_VENDOR_CONTRACT" directorySegmentName="seg_0" id="E16EFF1F-6243-CD99-A316-2326A02998BB">
<createdBy>carlostrejo</createdBy>
<createdTime>2015-07-06 20:09:13 UTC</createdTime>
<generatorID>AADD14D5-0A7D-9922-D4C3-DC60C3EF80EF</generatorID>
<ownerDesignName>nimblepm_datamodel</ownerDesignName>
<engineerTo>
<item key="9C5C99D8-B214-D89C-9355-BBEECF223389" value="true"/>
<item key="CD3D3A6E-066C-F12A-1649-FB842AE652B6" value="true"/>
</engineerTo>
<sourcePk>83563EDD-DA24-562B-0494-4CA2F0776BE8</sourcePk>
<identifying>false</identifying>
<optionalSource>true</optionalSource>
<optionalTarget>true</optionalTarget>
<sourceCardinality>1</sourceCardinality>
<sourceEntity>53EC5C94-AD27-7BF8-7B35-F74283662072</sourceEntity>
<targetCardinalityString>*</targetCardinalityString>
<targetEntity>E8CBD037-B137-9E34-A522-D9D77AA04C6C</targetEntity>
<transferable>true</transferable>
<deleteRule>NO ACTION</deleteRule>
</Relation>