<?xml version = '1.0' encoding = 'UTF-8'?>
<Relation class="oracle.dbtools.crest.model.design.logical.Relation" name="RELATION_28" directorySegmentName="seg_0" id="EDF2E5D1-29BD-BDF8-1676-52A23CB8A693">
<createdBy>carlostrejo</createdBy>
<createdTime>2015-07-06 20:09:13 UTC</createdTime>
<generatorID>672664D3-F0CA-ADA2-E7E4-F701E0129F81</generatorID>
<ownerDesignName>nimblepm_datamodel</ownerDesignName>
<engineerTo>
<item key="9C5C99D8-B214-D89C-9355-BBEECF223389" value="true"/>
<item key="CD3D3A6E-066C-F12A-1649-FB842AE652B6" value="true"/>
</engineerTo>
<sourcePk>10317EAD-481F-6370-01F0-7725D83960D9</sourcePk>
<identifying>false</identifying>
<optionalSource>true</optionalSource>
<optionalTarget>true</optionalTarget>
<sourceCardinality>1</sourceCardinality>
<sourceEntity>E8CBD037-B137-9E34-A522-D9D77AA04C6C</sourceEntity>
<targetCardinalityString>*</targetCardinalityString>
<targetEntity>B2C44C06-1252-B3E3-6384-FD7B0E935BDD</targetEntity>
<transferable>true</transferable>
<deleteRule>NO ACTION</deleteRule>
</Relation>