<?xml version = '1.0' encoding = 'UTF-8'?>
<TableProxyOraclev11g class="oracle.dbtools.crest.model.design.storage.oracle.v11g.TableProxyOraclev11g" name="NPM_PROPERTY" directorySegmentName="seg_0" id="01F37111-948A-80C7-3292-4AAD2D9E276F">
<createdBy>carlostrejo</createdBy>
<createdTime>2015-07-06 20:05:15 UTC</createdTime>
<ownerDesignName>nimblepm_datamodel</ownerDesignName>
<partitionedRowMovement>DISABLE</partitionedRowMovement>
<temporaryChanged>false</temporaryChanged>
<accessDriverType>oracle_loader</accessDriverType>
<rejectLimit></rejectLimit>
<indexProxies>
<IndexProxy class="oracle.dbtools.crest.model.design.storage.oracle.v10g.IndexProxyOraclev10g" name="NPM_PROPERTY__IDX" id="21C65D17-23B5-8765-295C-BEA18B1A7F68">
<createdBy>carlostrejo</createdBy>
<createdTime>2015-07-06 20:05:15 UTC</createdTime>
<ownerDesignName>nimblepm_datamodel</ownerDesignName>
<logging></logging>
</IndexProxy>
<IndexProxy class="oracle.dbtools.crest.model.design.storage.oracle.v10g.IndexProxyOraclev10g" name="BUILDING_ID_FK_32" id="35FEA809-B792-FE55-22F4-CF5B61B2EC71">
<createdBy>carlostrejo</createdBy>
<createdTime>2015-07-06 20:05:15 UTC</createdTime>
<ownerDesignName>nimblepm_datamodel</ownerDesignName>
<logging></logging>
</IndexProxy>
<IndexProxy class="oracle.dbtools.crest.model.design.storage.oracle.v10g.IndexProxyOraclev10g" name="PROPERTY_ID1_FK_34" id="AD0934F8-6486-F3ED-7764-A13CBE64F79E">
<createdBy>carlostrejo</createdBy>
<createdTime>2015-07-06 20:05:15 UTC</createdTime>
<ownerDesignName>nimblepm_datamodel</ownerDesignName>
<logging></logging>
</IndexProxy>
<IndexProxy class="oracle.dbtools.crest.model.design.storage.oracle.v10g.IndexProxyOraclev10g" name="FLOOR_ID_FK_33" id="E784CE39-DEBF-6EAD-5A66-F906A8E48026">
<createdBy>carlostrejo</createdBy>
<createdTime>2015-07-06 20:05:15 UTC</createdTime>
<ownerDesignName>nimblepm_datamodel</ownerDesignName>
<logging></logging>
</IndexProxy>
</indexProxies>
<columnProxies itemClass="oracle.dbtools.crest.model.design.storage.oracle.v12c.ColumnProxyOraclev12c">
<ColumnProxy name="END_DATE" id="00B2204E-8695-4A72-8F20-117588CCB6DF">
<createdBy>carlostrejo</createdBy>
<createdTime>2015-07-06 20:05:15 UTC</createdTime>
<ownerDesignName>nimblepm_datamodel</ownerDesignName>
</ColumnProxy>
<ColumnProxy name="LEASE_TYPE" id="0E479BAF-BE24-FB45-483D-E13A320EFB79">
<createdBy>carlostrejo</createdBy>
<createdTime>2015-07-06 20:05:15 UTC</createdTime>
<ownerDesignName>nimblepm_datamodel</ownerDesignName>
</ColumnProxy>
<ColumnProxy name="START_DATE" id="10A4FD60-505C-FF5F-6480-3BE92E51F3E9">
<createdBy>carlostrejo</createdBy>
<createdTime>2015-07-06 20:05:15 UTC</createdTime>
<ownerDesignName>nimblepm_datamodel</ownerDesignName>
</ColumnProxy>
<ColumnProxy name="PHY_ROOM_NAME" id="27CD5FD3-5F32-A7DA-B46B-DC97B50B8BA4">
<createdBy>carlostrejo</createdBy>
<createdTime>2015-07-06 20:05:15 UTC</createdTime>
<ownerDesignName>nimblepm_datamodel</ownerDesignName>
</ColumnProxy>
<ColumnProxy name="PROPERTY_ID1" id="3F5F0567-CD64-3701-449E-8FF65EC95C1C">
<createdBy>carlostrejo</createdBy>
<createdTime>2015-07-06 20:05:15 UTC</createdTime>
<ownerDesignName>nimblepm_datamodel</ownerDesignName>
</ColumnProxy>
<ColumnProxy name="PURPOSE" id="42B39533-9C6B-F524-2FA6-33E2674737AE">
<createdBy>carlostrejo</createdBy>
<createdTime>2015-07-06 20:05:15 UTC</createdTime>
<ownerDesignName>nimblepm_datamodel</ownerDesignName>
</ColumnProxy>
<ColumnProxy name="LOG_UNIT_NAME" id="437F3E1F-EF90-7640-2F61-6D11A60FBEE3">
<createdBy>carlostrejo</createdBy>
<createdTime>2015-07-06 20:05:15 UTC</createdTime>
<ownerDesignName>nimblepm_datamodel</ownerDesignName>
</ColumnProxy>
<ColumnProxy name="UPDATED_BY" id="49E3DD23-22C0-4FBC-A549-6A72ECF10C38">
<createdBy>carlostrejo</createdBy>
<createdTime>2015-07-06 20:05:15 UTC</createdTime>
<ownerDesignName>nimblepm_datamodel</ownerDesignName>
</ColumnProxy>
<ColumnProxy name="PHY_UNIT_NAME" id="542A1C5F-9542-42AF-A779-A22CF2DF0709">
<createdBy>carlostrejo</createdBy>
<createdTime>2015-07-06 20:05:15 UTC</createdTime>
<ownerDesignName>nimblepm_datamodel</ownerDesignName>
</ColumnProxy>
<ColumnProxy name="CREATED" id="67D7ECAE-223A-7E20-7A29-409C7018D370">
<createdBy>carlostrejo</createdBy>
<createdTime>2015-07-06 20:05:15 UTC</createdTime>
<ownerDesignName>nimblepm_datamodel</ownerDesignName>
</ColumnProxy>
<ColumnProxy name="PROPERTY_ID" id="7659DE0E-897D-3984-10F5-D466EB03FF37">
<createdBy>carlostrejo</createdBy>
<createdTime>2015-07-06 20:05:15 UTC</createdTime>
<ownerDesignName>nimblepm_datamodel</ownerDesignName>
</ColumnProxy>
<ColumnProxy name="UPDATED" id="7E69D6F6-374C-9760-813C-31D3ABE5BDDD">
<createdBy>carlostrejo</createdBy>
<createdTime>2015-07-06 20:05:15 UTC</createdTime>
<ownerDesignName>nimblepm_datamodel</ownerDesignName>
</ColumnProxy>
<ColumnProxy name="FLOOR_ID" id="80F1DB2D-1D88-55DD-4F9C-A1C1DCE833D3">
<createdBy>carlostrejo</createdBy>
<createdTime>2015-07-06 20:05:15 UTC</createdTime>
<ownerDesignName>nimblepm_datamodel</ownerDesignName>
</ColumnProxy>
<ColumnProxy name="BUILDING_ID" id="82236D31-272F-30AA-C562-D386D518251B">
<createdBy>carlostrejo</createdBy>
<createdTime>2015-07-06 20:05:15 UTC</createdTime>
<ownerDesignName>nimblepm_datamodel</ownerDesignName>
</ColumnProxy>
<ColumnProxy name="ROW_VERSION_NUMBER" id="8F658B7B-81DE-1240-6718-1F13A45C3BFA">
<createdBy>carlostrejo</createdBy>
<createdTime>2015-07-06 20:05:15 UTC</createdTime>
<ownerDesignName>nimblepm_datamodel</ownerDesignName>
</ColumnProxy>
<ColumnProxy name="PRICE" id="98B6DE65-0B20-4965-F551-2B5837E1DF57">
<createdBy>carlostrejo</createdBy>
<createdTime>2015-07-06 20:05:15 UTC</createdTime>
<ownerDesignName>nimblepm_datamodel</ownerDesignName>
</ColumnProxy>
<ColumnProxy name="AGREEMENT_ID" id="9FDB197A-4523-CACC-635C-0B682F1C8EA4">
<createdBy>carlostrejo</createdBy>
<createdTime>2015-07-06 20:05:15 UTC</createdTime>
<ownerDesignName>nimblepm_datamodel</ownerDesignName>
</ColumnProxy>
<ColumnProxy name="PROPERTY_TYPE" id="ABE16C94-310B-BA95-0FD3-B92E1E99716F">
<createdBy>carlostrejo</createdBy>
<createdTime>2015-07-06 20:05:15 UTC</createdTime>
<ownerDesignName>nimblepm_datamodel</ownerDesignName>
</ColumnProxy>
<ColumnProxy name="PARENT" id="B5C51BAC-03CD-6DA3-553B-B1311F89691A">
<createdBy>carlostrejo</createdBy>
<createdTime>2015-07-06 20:05:15 UTC</createdTime>
<ownerDesignName>nimblepm_datamodel</ownerDesignName>
</ColumnProxy>
<ColumnProxy name="CREATED_BY" id="C0917928-FC25-120A-77AE-A981CB2BF1B9">
<createdBy>carlostrejo</createdBy>
<createdTime>2015-07-06 20:05:15 UTC</createdTime>
<ownerDesignName>nimblepm_datamodel</ownerDesignName>
</ColumnProxy>
<ColumnProxy name="END_DATE1" id="D7CBCA1E-DFB8-41F7-345E-A7C6F3221C8A">
<createdBy>carlostrejo</createdBy>
<createdTime>2015-07-06 20:05:15 UTC</createdTime>
<ownerDesignName>nimblepm_datamodel</ownerDesignName>
</ColumnProxy>
<ColumnProxy name="START_DATE1" id="E0CBC130-DB02-0D8E-E670-DAFD1F95BC22">
<createdBy>carlostrejo</createdBy>
<createdTime>2015-07-06 20:05:15 UTC</createdTime>
<ownerDesignName>nimblepm_datamodel</ownerDesignName>
</ColumnProxy>
</columnProxies>
<foreignKeys>
<ForeignKey class="oracle.dbtools.crest.model.design.storage.oracle.v10g.FKProxyOraclev10g" name="F_TO_P_RELATION" id="2AA3FBD1-8527-D702-87AB-F8D156DF2175">
<createdBy>carlostrejo</createdBy>
<createdTime>2015-07-06 20:05:15 UTC</createdTime>
<ownerDesignName>nimblepm_datamodel</ownerDesignName>
</ForeignKey>
<ForeignKey class="oracle.dbtools.crest.model.design.storage.oracle.v10g.FKProxyOraclev10g" name="U_TO_R_RELATION" id="ADF08F41-CADE-CE59-4A1F-D0BC293BF747">
<createdBy>carlostrejo</createdBy>
<createdTime>2015-07-06 20:05:15 UTC</createdTime>
<ownerDesignName>nimblepm_datamodel</ownerDesignName>
</ForeignKey>
<ForeignKey class="oracle.dbtools.crest.model.design.storage.oracle.v10g.FKProxyOraclev10g" name="B_TO_P_RELATION" id="C0EEE753-37F1-EFCD-B110-A06DBF3D65E0">
<createdBy>carlostrejo</createdBy>
<createdTime>2015-07-06 20:05:15 UTC</createdTime>
<ownerDesignName>nimblepm_datamodel</ownerDesignName>
</ForeignKey>
<ForeignKey class="oracle.dbtools.crest.model.design.storage.oracle.v10g.FKProxyOraclev10g" name="AGREE_TO_PROP" id="FAB5443F-E39B-B2BC-43BB-96BAA323DE53">
<createdBy>carlostrejo</createdBy>
<createdTime>2015-07-06 20:05:15 UTC</createdTime>
<ownerDesignName>nimblepm_datamodel</ownerDesignName>
</ForeignKey>
</foreignKeys>
<primaryKeys>
<PrimaryKey class="oracle.dbtools.crest.model.design.storage.oracle.v10g.PKProxyOraclev10g" name="UTBC_PROPERTY_PK" id="77A00863-620F-D8DF-F09E-F4BEB7B49A11">
<createdBy>carlostrejo</createdBy>
<createdTime>2015-07-06 20:05:15 UTC</createdTime>
<ownerDesignName>nimblepm_datamodel</ownerDesignName>
<logging></logging>
<segment>3BB7869C-9A3F-44DF-0918-75642E30C39F</segment>
<indexSegment>3BB7869C-9A3F-44DF-0918-75642E30C39F</indexSegment>
<indexSort>SORTED</indexSort>
<usingIndex>BY INDEX NAME</usingIndex>
</PrimaryKey>
</primaryKeys>
</TableProxyOraclev11g>