<?xml version = '1.0' encoding = 'UTF-8'?>
<TableProxyOraclev11g class="oracle.dbtools.crest.model.design.storage.oracle.v11g.TableProxyOraclev11g" name="NPM_CONTACT" directorySegmentName="seg_0" id="DB3E5113-4F06-0908-37A3-E4B10C703575">
<createdBy>carlostrejo</createdBy>
<createdTime>2015-07-06 20:05:15 UTC</createdTime>
<ownerDesignName>nimblepm_datamodel</ownerDesignName>
<partitionedRowMovement>DISABLE</partitionedRowMovement>
<temporaryChanged>false</temporaryChanged>
<accessDriverType>oracle_loader</accessDriverType>
<rejectLimit></rejectLimit>
<indexProxies>
<IndexProxy class="oracle.dbtools.crest.model.design.storage.oracle.v10g.IndexProxyOraclev10g" name="DEPARTMENT_ID_FK_2" id="E4B033C8-B7C0-3A69-B386-DDA648A93444">
<createdBy>carlostrejo</createdBy>
<createdTime>2015-07-06 20:05:15 UTC</createdTime>
<ownerDesignName>nimblepm_datamodel</ownerDesignName>
<logging></logging>
</IndexProxy>
<IndexProxy class="oracle.dbtools.crest.model.design.storage.oracle.v10g.IndexProxyOraclev10g" name="VENDOR_ID_FK_16" id="FF484C46-A3EC-0BC4-13B3-1A2C96EAF1DB">
<createdBy>carlostrejo</createdBy>
<createdTime>2015-07-06 20:05:15 UTC</createdTime>
<ownerDesignName>nimblepm_datamodel</ownerDesignName>
<logging></logging>
</IndexProxy>
</indexProxies>
<columnProxies itemClass="oracle.dbtools.crest.model.design.storage.oracle.v12c.ColumnProxyOraclev12c">
<ColumnProxy name="UPDATED" id="12F13D14-9905-0543-6749-17F32610320E">
<createdBy>carlostrejo</createdBy>
<createdTime>2015-07-06 20:05:15 UTC</createdTime>
<ownerDesignName>nimblepm_datamodel</ownerDesignName>
</ColumnProxy>
<ColumnProxy name="FIRST_NAME" id="180E3C6F-B684-BB83-7CF7-0393C03B5DB7">
<createdBy>carlostrejo</createdBy>
<createdTime>2015-07-06 20:05:15 UTC</createdTime>
<ownerDesignName>nimblepm_datamodel</ownerDesignName>
</ColumnProxy>
<ColumnProxy name="TITLE" id="1A4C1F61-A60A-2DE3-5F91-A55831E391F3">
<createdBy>carlostrejo</createdBy>
<createdTime>2015-07-06 20:05:15 UTC</createdTime>
<ownerDesignName>nimblepm_datamodel</ownerDesignName>
</ColumnProxy>
<ColumnProxy name="REVIEWER" id="1DE188E3-3303-52A8-0BEB-29433EDFEA9F">
<createdBy>carlostrejo</createdBy>
<createdTime>2015-07-06 20:05:15 UTC</createdTime>
<ownerDesignName>nimblepm_datamodel</ownerDesignName>
</ColumnProxy>
<ColumnProxy name="STATE" id="2729827D-B289-E46F-58E6-DA580BF318B7">
<createdBy>carlostrejo</createdBy>
<createdTime>2015-07-06 20:05:15 UTC</createdTime>
<ownerDesignName>nimblepm_datamodel</ownerDesignName>
</ColumnProxy>
<ColumnProxy name="TYPE" id="3B5E3F61-D5C4-7755-1C1B-6881C45DE688">
<createdBy>carlostrejo</createdBy>
<createdTime>2015-07-06 20:05:15 UTC</createdTime>
<ownerDesignName>nimblepm_datamodel</ownerDesignName>
<defaultValue>&apos;UT as Tenant&apos;</defaultValue>
</ColumnProxy>
<ColumnProxy name="STREET_ADDRESS" id="433DCBE4-312C-8857-E18D-9CEB1CCDA636">
<createdBy>carlostrejo</createdBy>
<createdTime>2015-07-06 20:05:15 UTC</createdTime>
<ownerDesignName>nimblepm_datamodel</ownerDesignName>
</ColumnProxy>
<ColumnProxy name="CONTACT_ID" id="5DACEFBB-3C84-0896-7809-4F3BB4039606">
<createdBy>carlostrejo</createdBy>
<createdTime>2015-07-06 20:05:15 UTC</createdTime>
<ownerDesignName>nimblepm_datamodel</ownerDesignName>
</ColumnProxy>
<ColumnProxy name="DELETED" id="6EBE95D5-AF0F-DC61-B6BC-FBD5BFD6B011">
<createdBy>carlostrejo</createdBy>
<createdTime>2015-07-06 20:05:15 UTC</createdTime>
<ownerDesignName>nimblepm_datamodel</ownerDesignName>
</ColumnProxy>
<ColumnProxy name="LAST_NAME" id="6EE7EFCF-DAFE-F384-8033-98D73E7DFD28">
<createdBy>carlostrejo</createdBy>
<createdTime>2015-07-06 20:05:15 UTC</createdTime>
<ownerDesignName>nimblepm_datamodel</ownerDesignName>
</ColumnProxy>
<ColumnProxy name="CREATED" id="A0A05629-5C0C-D279-49A4-91900C115AE0">
<createdBy>carlostrejo</createdBy>
<createdTime>2015-07-06 20:05:15 UTC</createdTime>
<ownerDesignName>nimblepm_datamodel</ownerDesignName>
</ColumnProxy>
<ColumnProxy name="VENDOR_ID" id="A923E5FF-DC48-3AFE-F7C4-B37ECEB8E7F9">
<createdBy>carlostrejo</createdBy>
<createdTime>2015-07-06 20:05:15 UTC</createdTime>
<ownerDesignName>nimblepm_datamodel</ownerDesignName>
</ColumnProxy>
<ColumnProxy name="SIGNATORY" id="BDCEB0A9-5A8A-E1B6-487D-67B975A66339">
<createdBy>carlostrejo</createdBy>
<createdTime>2015-07-06 20:05:15 UTC</createdTime>
<ownerDesignName>nimblepm_datamodel</ownerDesignName>
</ColumnProxy>
<ColumnProxy name="EMAIL" id="D50EEF9A-BB0A-7188-69C9-11338022F508">
<createdBy>carlostrejo</createdBy>
<createdTime>2015-07-06 20:05:15 UTC</createdTime>
<ownerDesignName>nimblepm_datamodel</ownerDesignName>
</ColumnProxy>
<ColumnProxy name="DEPARTMENT_ID" id="D7DAFED0-1E7C-A3EC-4364-EE4D4AF42469">
<createdBy>carlostrejo</createdBy>
<createdTime>2015-07-06 20:05:15 UTC</createdTime>
<ownerDesignName>nimblepm_datamodel</ownerDesignName>
</ColumnProxy>
<ColumnProxy name="ROW_VERSION_NUMBER" id="E9FF2791-282B-B52B-ED43-A4BEED2D26F4">
<createdBy>carlostrejo</createdBy>
<createdTime>2015-07-06 20:05:15 UTC</createdTime>
<ownerDesignName>nimblepm_datamodel</ownerDesignName>
</ColumnProxy>
<ColumnProxy name="CREATED_BY" id="F0986F1E-4B1C-69E8-D8A0-19A43A69C3BF">
<createdBy>carlostrejo</createdBy>
<createdTime>2015-07-06 20:05:15 UTC</createdTime>
<ownerDesignName>nimblepm_datamodel</ownerDesignName>
</ColumnProxy>
<ColumnProxy name="CITY" id="F3E6C7DC-D282-5F49-C3B7-24D1CE282CF1">
<createdBy>carlostrejo</createdBy>
<createdTime>2015-07-06 20:05:15 UTC</createdTime>
<ownerDesignName>nimblepm_datamodel</ownerDesignName>
</ColumnProxy>
<ColumnProxy name="UPDATED_BY" id="F85BE7DB-9750-94B6-00A1-28CDECCC5217">
<createdBy>carlostrejo</createdBy>
<createdTime>2015-07-06 20:05:15 UTC</createdTime>
<ownerDesignName>nimblepm_datamodel</ownerDesignName>
</ColumnProxy>
<ColumnProxy name="PHONE" id="FC01F725-FF45-6F69-9A9F-09A1A15BF977">
<createdBy>carlostrejo</createdBy>
<createdTime>2015-07-06 20:05:15 UTC</createdTime>
<ownerDesignName>nimblepm_datamodel</ownerDesignName>
</ColumnProxy>
<ColumnProxy name="FAX" id="FDB65EB1-A492-678A-50F6-E554DC03639A">
<createdBy>carlostrejo</createdBy>
<createdTime>2015-07-06 20:05:15 UTC</createdTime>
<ownerDesignName>nimblepm_datamodel</ownerDesignName>
</ColumnProxy>
</columnProxies>
<foreignKeys>
<ForeignKey class="oracle.dbtools.crest.model.design.storage.oracle.v10g.FKProxyOraclev10g" name="RELATION_38" id="3C0A7FCE-274C-0E36-9070-908696C44906">
<createdBy>carlostrejo</createdBy>
<createdTime>2015-07-06 20:05:15 UTC</createdTime>
<ownerDesignName>nimblepm_datamodel</ownerDesignName>
</ForeignKey>
<ForeignKey class="oracle.dbtools.crest.model.design.storage.oracle.v10g.FKProxyOraclev10g" name="RELATION_16" id="978B0497-C40E-8694-4784-F64F210F1681">
<createdBy>carlostrejo</createdBy>
<createdTime>2015-07-06 20:05:15 UTC</createdTime>
<ownerDesignName>nimblepm_datamodel</ownerDesignName>
</ForeignKey>
</foreignKeys>
<primaryKeys>
<PrimaryKey class="oracle.dbtools.crest.model.design.storage.oracle.v10g.PKProxyOraclev10g" name="UTBC_CONTACT_PK" id="2A9E7876-D399-6F2E-66A9-7A7B43AEA85C">
<createdBy>carlostrejo</createdBy>
<createdTime>2015-07-06 20:05:15 UTC</createdTime>
<ownerDesignName>nimblepm_datamodel</ownerDesignName>
<logging></logging>
<segment>3BB7869C-9A3F-44DF-0918-75642E30C39F</segment>
<indexSegment>3BB7869C-9A3F-44DF-0918-75642E30C39F</indexSegment>
<indexSort>SORTED</indexSort>
<usingIndex>BY INDEX NAME</usingIndex>
</PrimaryKey>
</primaryKeys>
<tableCheckConstraints itemClass="oracle.dbtools.crest.model.design.storage.oracle.TableCheckConstraintOracle">
<TableCheckConstraint name="SYS_NPM_CONTACT0" id="4870E481-EC2D-E835-0DE7-15C800A85C44">
<createdBy>carlostrejo</createdBy>
<createdTime>2015-07-06 20:05:15 UTC</createdTime>
<ownerDesignName>nimblepm_datamodel</ownerDesignName>
</TableCheckConstraint>
</tableCheckConstraints>
</TableProxyOraclev11g>