<?xml version = '1.0' encoding = 'UTF-8'?>
<StoredProcedureOraclev10g class="oracle.dbtools.crest.model.design.storage.oracle.v10g.StoredProcedureOraclev10g" name="DELETE_APPROV_OVER_100K" directorySegmentName="seg_0" id="1274997C-80F6-D1DB-01DE-966B7087C6CC">
<sourceDDLFile>schema_test.sql</sourceDDLFile>
<createdBy>carlostrejo</createdBy>
<createdTime>2015-07-06 20:04:57 UTC</createdTime>
<ownerDesignName>nimblepm_datamodel</ownerDesignName>
<source>CREATE OR REPLACE PROCEDURE  DELETE_APPROV_OVER_100K &lt;br/&gt;(&lt;br/&gt;  agreement_id_param NPM_agreements.agreement_id%TYPE&lt;br/&gt;)&lt;br/&gt;AS&lt;br/&gt;BEGIN&lt;br/&gt;  delete from NPM_agree_app where approval_id = 16 and agreement_id = agreement_id_param;&lt;br/&gt;  delete from NPM_agree_app where approval_id = 4 and agreement_id = agreement_id_param;&lt;br/&gt;  delete from NPM_agree_app where approval_id = 5 and agreement_id = agreement_id_param;&lt;br/&gt;  --delete from NPM_agree_app where approval_id = 19 and agreement_id = agreement_id_param;&lt;br/&gt;  delete from NPM_agree_app where approval_id = 21 and agreement_id = agreement_id_param;&lt;br/&gt;  delete from NPM_agree_app where approval_id = 20 and agreement_id = agreement_id_param;&lt;br/&gt;  delete from NPM_agree_app where approval_id = 18 and agreement_id = agreement_id_param;&lt;br/&gt;END;</source>
<body>CREATE OR REPLACE PROCEDURE  DELETE_APPROV_OVER_100K &lt;br/&gt;(&lt;br/&gt;  agreement_id_param NPM_agreements.agreement_id%TYPE&lt;br/&gt;)&lt;br/&gt;AS&lt;br/&gt;BEGIN&lt;br/&gt;  delete from NPM_agree_app where approval_id = 16 and agreement_id = agreement_id_param;&lt;br/&gt;  delete from NPM_agree_app where approval_id = 4 and agreement_id = agreement_id_param;&lt;br/&gt;  delete from NPM_agree_app where approval_id = 5 and agreement_id = agreement_id_param;&lt;br/&gt;  --delete from NPM_agree_app where approval_id = 19 and agreement_id = agreement_id_param;&lt;br/&gt;  delete from NPM_agree_app where approval_id = 21 and agreement_id = agreement_id_param;&lt;br/&gt;  delete from NPM_agree_app where approval_id = 20 and agreement_id = agreement_id_param;&lt;br/&gt;  delete from NPM_agree_app where approval_id = 18 and agreement_id = agreement_id_param;&lt;br/&gt;END;</body>
</StoredProcedureOraclev10g>