<?xml version = '1.0' encoding = 'UTF-8'?>
<StoredProcedureOraclev10g class="oracle.dbtools.crest.model.design.storage.oracle.v10g.StoredProcedureOraclev10g" name="INSERT_APPROV_COLLECT_AGENCY" directorySegmentName="seg_0" id="1389AEC9-D1A0-3AE5-56D6-5B129287F660">
<sourceDDLFile>schema_test.sql</sourceDDLFile>
<createdBy>carlostrejo</createdBy>
<createdTime>2015-07-06 20:04:57 UTC</createdTime>
<ownerDesignName>nimblepm_datamodel</ownerDesignName>
<source>CREATE OR REPLACE PROCEDURE  INSERT_APPROV_COLLECT_AGENCY &lt;br/&gt;(&lt;br/&gt;  agreement_id_param NPM_agreements.agreement_id%TYPE&lt;br/&gt;)&lt;br/&gt;AS&lt;br/&gt; BEGIN&lt;br/&gt;  INSERT INTO NPM_agree_app (APPROVAL_ID, PARENT, COMPLETE, AGREEMENT_ID) values(1, null, &apos;n&apos;, agreement_id_param);&lt;br/&gt;  INSERT INTO NPM_agree_app (APPROVAL_ID, PARENT, COMPLETE, AGREEMENT_ID) values(18, null, &apos;n&apos;, agreement_id_param);&lt;br/&gt;  END;</source>
<body>CREATE OR REPLACE PROCEDURE  INSERT_APPROV_COLLECT_AGENCY &lt;br/&gt;(&lt;br/&gt;  agreement_id_param NPM_agreements.agreement_id%TYPE&lt;br/&gt;)&lt;br/&gt;AS&lt;br/&gt; BEGIN&lt;br/&gt;  INSERT INTO NPM_agree_app (APPROVAL_ID, PARENT, COMPLETE, AGREEMENT_ID) values(1, null, &apos;n&apos;, agreement_id_param);&lt;br/&gt;  INSERT INTO NPM_agree_app (APPROVAL_ID, PARENT, COMPLETE, AGREEMENT_ID) values(18, null, &apos;n&apos;, agreement_id_param);&lt;br/&gt;  END;</body>
</StoredProcedureOraclev10g>