<?xml version = '1.0' encoding = 'UTF-8'?>
<StoredProcedureOraclev10g class="oracle.dbtools.crest.model.design.storage.oracle.v10g.StoredProcedureOraclev10g" name="INSERT_APPROV_OVER_ONE_MILL" directorySegmentName="seg_0" id="DBB8EA9F-8150-153E-3AB5-51ACA5D4C086">
<sourceDDLFile>schema_test.sql</sourceDDLFile>
<createdBy>carlostrejo</createdBy>
<createdTime>2015-07-06 20:04:57 UTC</createdTime>
<ownerDesignName>nimblepm_datamodel</ownerDesignName>
<source>CREATE OR REPLACE PROCEDURE  INSERT_APPROV_OVER_ONE_MILL &lt;br/&gt;(&lt;br/&gt;  agreement_id_param NPM_agreements.agreement_id%TYPE&lt;br/&gt;)&lt;br/&gt;AS&lt;br/&gt;  primary_key_var NPM_agree_app.agree_app_id%TYPE;&lt;br/&gt;BEGIN&lt;br/&gt;  insert_approv_over_twenty_five(agreement_id_param);&lt;br/&gt;  INSERT INTO NPM_agree_app (APPROVAL_ID, PARENT, COMPLETE, AGREEMENT_ID) values(1, null, &apos;n&apos;, agreement_id_param)&lt;br/&gt;    RETURNING agree_app_id INTO primary_key_var;&lt;br/&gt;  insert into NPM_agree_app (APPROVAL_ID, PARENT, COMPLETE, AGREEMENT_ID) values(2, primary_key_var, &apos;n&apos;, agreement_id_param)&lt;br/&gt;    RETURNING agree_app_id INTO primary_key_var;&lt;br/&gt;  insert into NPM_agree_app (APPROVAL_ID, PARENT, COMPLETE, AGREEMENT_ID) values(3, primary_key_var, &apos;n&apos;, agreement_id_param);&lt;br/&gt;  Insert Into NPM_agree_app (APPROVAL_ID, PARENT, COMPLETE, AGREEMENT_ID) values(7, null, &apos;n&apos;, agreement_id_param);&lt;br/&gt;  --INSERT INTO NPM_agree_app (APPROVAL_ID, PARENT, COMPLETE, AGREEMENT_ID) values(18, null, &apos;n&apos;, agreement_id_param);&lt;br/&gt;END;</source>
<body>CREATE OR REPLACE PROCEDURE  INSERT_APPROV_OVER_ONE_MILL &lt;br/&gt;(&lt;br/&gt;  agreement_id_param NPM_agreements.agreement_id%TYPE&lt;br/&gt;)&lt;br/&gt;AS&lt;br/&gt;  primary_key_var NPM_agree_app.agree_app_id%TYPE;&lt;br/&gt;BEGIN&lt;br/&gt;  insert_approv_over_twenty_five(agreement_id_param);&lt;br/&gt;  INSERT INTO NPM_agree_app (APPROVAL_ID, PARENT, COMPLETE, AGREEMENT_ID) values(1, null, &apos;n&apos;, agreement_id_param)&lt;br/&gt;    RETURNING agree_app_id INTO primary_key_var;&lt;br/&gt;  insert into NPM_agree_app (APPROVAL_ID, PARENT, COMPLETE, AGREEMENT_ID) values(2, primary_key_var, &apos;n&apos;, agreement_id_param)&lt;br/&gt;    RETURNING agree_app_id INTO primary_key_var;&lt;br/&gt;  insert into NPM_agree_app (APPROVAL_ID, PARENT, COMPLETE, AGREEMENT_ID) values(3, primary_key_var, &apos;n&apos;, agreement_id_param);&lt;br/&gt;  Insert Into NPM_agree_app (APPROVAL_ID, PARENT, COMPLETE, AGREEMENT_ID) values(7, null, &apos;n&apos;, agreement_id_param);&lt;br/&gt;  --INSERT INTO NPM_agree_app (APPROVAL_ID, PARENT, COMPLETE, AGREEMENT_ID) values(18, null, &apos;n&apos;, agreement_id_param);&lt;br/&gt;END;</body>
</StoredProcedureOraclev10g>