<?xml version = '1.0' encoding = 'UTF-8'?>
<SequenceOraclev10g class="oracle.dbtools.crest.model.design.storage.oracle.v10g.SequenceOraclev10g" name="APEX$_WS_SEQ" directorySegmentName="seg_0" id="1C474951-01F7-0E87-2A29-40746CCBAE6D">
<sourceDDLFile>schema_test.sql</sourceDDLFile>
<createdBy>carlostrejo</createdBy>
<createdTime>2015-07-06 20:05:15 UTC</createdTime>
<ownerDesignName>nimblepm_datamodel</ownerDesignName>
<cache>20</cache>
<incrementBy>1</incrementBy>
<maxValue>999999999999999999999999999</maxValue>
<minValue>100</minValue>
<startWith>100</startWith>
</SequenceOraclev10g>