<?xml version = '1.0' encoding = 'UTF-8'?>
<SequenceOraclev10g class="oracle.dbtools.crest.model.design.storage.oracle.v10g.SequenceOraclev10g" name="NPM_FLOOR_SEQ" directorySegmentName="seg_0" id="96E16E02-E95F-24B2-F095-A7E3DB3ED7D5">
<sourceDDLFile>schema_test.sql</sourceDDLFile>
<createdBy>carlostrejo</createdBy>
<createdTime>2015-07-06 20:05:15 UTC</createdTime>
<ownerDesignName>nimblepm_datamodel</ownerDesignName>
<cache>20</cache>
<incrementBy>1</incrementBy>
<maxValue>9999999999999999999999999999</maxValue>
<minValue>1</minValue>
<startWith>140</startWith>
</SequenceOraclev10g>