<?xml version = '1.0' encoding = 'UTF-8'?>
<relationalModel class="oracle.dbtools.crest.model.design.relational.RelationalDesign" name="Relational_1" id="9C5C99D8-B214-D89C-9355-BBEECF223389" mainViewID="DCF11037-91CF-8AAA-0799-C40C8BB1C015">
<createdBy>carlostrejo</createdBy>
<createdTime>2015-07-06 20:04:54 UTC</createdTime>
<ownerDesignName>nimblepm_datamodel</ownerDesignName>
<shouldBeOpen>false</shouldBeOpen>
<selectedRDBMSSite>32076570-2523-435C-2E92-BF29817DFF70</selectedRDBMSSite>
</relationalModel>