<?xml version = '1.0' encoding = 'UTF-8'?>
<Table class="oracle.dbtools.crest.model.design.relational.Table" directorySegmentName="seg_0" id="01F37111-948A-80C7-3292-4AAD2D9E276F" name="NPM_PROPERTY">
<sourceDDLFile>schema_test.sql</sourceDDLFile>
<createdBy>carlostrejo</createdBy>
<createdTime>2015-07-06 20:05:15 UTC</createdTime>
<ownerDesignName>nimblepm_datamodel</ownerDesignName>
<importedID>638A6E2F-3F1E-4450-CA73-5EFABD87978E</importedID>
<allowColumnReorder>false</allowColumnReorder>
<existDependencyGenerateInDDl>true</existDependencyGenerateInDDl>
<columns itemClass="oracle.dbtools.crest.model.design.relational.Column">
<Column name="PROPERTY_ID" id="7659DE0E-897D-3984-10F5-D466EB03FF37">
<sourceDDLFile>schema_test.sql</sourceDDLFile>
<createdBy>carlostrejo</createdBy>
<createdTime>2015-07-06 20:05:15 UTC</createdTime>
<ownerDesignName>nimblepm_datamodel</ownerDesignName>
<importedID>289BBAE3-A74B-EF11-EDBA-0ABAE3286D1A</importedID>
<use>0</use>
<logicalDatatype>LOGDT019</logicalDatatype>
<domain>6E70DE84-56EA-FD55-C31F-555863DF8645</domain>
<autoIncrementCycle>false</autoIncrementCycle>
</Column>
<Column name="PROPERTY_TYPE" id="ABE16C94-310B-BA95-0FD3-B92E1E99716F">
<sourceDDLFile>schema_test.sql</sourceDDLFile>
<createdBy>carlostrejo</createdBy>
<createdTime>2015-07-06 20:05:15 UTC</createdTime>
<ownerDesignName>nimblepm_datamodel</ownerDesignName>
<importedID>465383A5-7F13-4714-E0BC-6194C768630C</importedID>
<nullsAllowed>true</nullsAllowed>
<use>0</use>
<logicalDatatype>LOGDT024</logicalDatatype>
<domain>A66AF118-C268-14CE-8F42-978DAE668674</domain>
<autoIncrementCycle>false</autoIncrementCycle>
</Column>
<Column name="PURPOSE" id="42B39533-9C6B-F524-2FA6-33E2674737AE">
<sourceDDLFile>schema_test.sql</sourceDDLFile>
<createdBy>carlostrejo</createdBy>
<createdTime>2015-07-06 20:05:15 UTC</createdTime>
<ownerDesignName>nimblepm_datamodel</ownerDesignName>
<importedID>5195161C-47E9-EA53-7645-DE4B714BEF56</importedID>
<nullsAllowed>true</nullsAllowed>
<use>0</use>
<logicalDatatype>LOGDT024</logicalDatatype>
<domain>C37064F9-CE09-5BD2-70F7-FBEA763F3808</domain>
<autoIncrementCycle>false</autoIncrementCycle>
</Column>
<Column name="START_DATE" id="10A4FD60-505C-FF5F-6480-3BE92E51F3E9">
<sourceDDLFile>schema_test.sql</sourceDDLFile>
<createdBy>carlostrejo</createdBy>
<createdTime>2015-07-06 20:05:15 UTC</createdTime>
<ownerDesignName>nimblepm_datamodel</ownerDesignName>
<importedID>F0264850-21A1-0434-D83A-0C87FEF673B6</importedID>
<nullsAllowed>true</nullsAllowed>
<use>0</use>
<logicalDatatype>LOGDT007</logicalDatatype>
<domain>C088B010-3073-E8C9-16B8-732C8FDC687F</domain>
<autoIncrementCycle>false</autoIncrementCycle>
</Column>
<Column name="END_DATE" id="00B2204E-8695-4A72-8F20-117588CCB6DF">
<sourceDDLFile>schema_test.sql</sourceDDLFile>
<createdBy>carlostrejo</createdBy>
<createdTime>2015-07-06 20:05:15 UTC</createdTime>
<ownerDesignName>nimblepm_datamodel</ownerDesignName>
<importedID>2BC2BE57-128E-C0A0-2EC1-A60DD8011382</importedID>
<nullsAllowed>true</nullsAllowed>
<use>0</use>
<logicalDatatype>LOGDT007</logicalDatatype>
<domain>C088B010-3073-E8C9-16B8-732C8FDC687F</domain>
<autoIncrementCycle>false</autoIncrementCycle>
</Column>
<Column name="PARENT" id="B5C51BAC-03CD-6DA3-553B-B1311F89691A">
<sourceDDLFile>schema_test.sql</sourceDDLFile>
<createdBy>carlostrejo</createdBy>
<createdTime>2015-07-06 20:05:15 UTC</createdTime>
<ownerDesignName>nimblepm_datamodel</ownerDesignName>
<importedID>153FFD33-1B40-0F18-0E7E-0F26EB992522</importedID>
<nullsAllowed>true</nullsAllowed>
<use>0</use>
<logicalDatatype>LOGDT019</logicalDatatype>
<domain>C8577EE6-87BA-51C0-5FCF-5431C1329AB0</domain>
<autoIncrementCycle>false</autoIncrementCycle>
</Column>
<Column name="LEASE_TYPE" id="0E479BAF-BE24-FB45-483D-E13A320EFB79">
<sourceDDLFile>schema_test.sql</sourceDDLFile>
<createdBy>carlostrejo</createdBy>
<createdTime>2015-07-06 20:05:15 UTC</createdTime>
<ownerDesignName>nimblepm_datamodel</ownerDesignName>
<importedID>845255B8-A324-CDCC-9E29-5D7A4BA804E1</importedID>
<nullsAllowed>true</nullsAllowed>
<use>0</use>
<logicalDatatype>LOGDT024</logicalDatatype>
<domain>A66AF118-C268-14CE-8F42-978DAE668674</domain>
<autoIncrementCycle>false</autoIncrementCycle>
</Column>
<Column name="PHY_UNIT_NAME" id="542A1C5F-9542-42AF-A779-A22CF2DF0709">
<sourceDDLFile>schema_test.sql</sourceDDLFile>
<createdBy>carlostrejo</createdBy>
<createdTime>2015-07-06 20:05:15 UTC</createdTime>
<ownerDesignName>nimblepm_datamodel</ownerDesignName>
<importedID>41BF6EA4-B205-5F49-9BBC-4607FB4A15BE</importedID>
<nullsAllowed>true</nullsAllowed>
<use>0</use>
<logicalDatatype>LOGDT024</logicalDatatype>
<domain>A66AF118-C268-14CE-8F42-978DAE668674</domain>
<autoIncrementCycle>false</autoIncrementCycle>
</Column>
<Column name="PHY_ROOM_NAME" id="27CD5FD3-5F32-A7DA-B46B-DC97B50B8BA4">
<sourceDDLFile>schema_test.sql</sourceDDLFile>
<createdBy>carlostrejo</createdBy>
<createdTime>2015-07-06 20:05:15 UTC</createdTime>
<ownerDesignName>nimblepm_datamodel</ownerDesignName>
<importedID>4474C463-F0CA-A8D2-31B5-50ADF98FA220</importedID>
<nullsAllowed>true</nullsAllowed>
<use>0</use>
<logicalDatatype>LOGDT024</logicalDatatype>
<domain>A66AF118-C268-14CE-8F42-978DAE668674</domain>
<autoIncrementCycle>false</autoIncrementCycle>
</Column>
<Column name="LOG_UNIT_NAME" id="437F3E1F-EF90-7640-2F61-6D11A60FBEE3">
<sourceDDLFile>schema_test.sql</sourceDDLFile>
<createdBy>carlostrejo</createdBy>
<createdTime>2015-07-06 20:05:15 UTC</createdTime>
<ownerDesignName>nimblepm_datamodel</ownerDesignName>
<importedID>3917010D-0A6C-7AB1-47DF-085A17D3BC19</importedID>
<nullsAllowed>true</nullsAllowed>
<use>0</use>
<logicalDatatype>LOGDT024</logicalDatatype>
<domain>A66AF118-C268-14CE-8F42-978DAE668674</domain>
<autoIncrementCycle>false</autoIncrementCycle>
</Column>
<Column name="PRICE" id="98B6DE65-0B20-4965-F551-2B5837E1DF57">
<sourceDDLFile>schema_test.sql</sourceDDLFile>
<createdBy>carlostrejo</createdBy>
<createdTime>2015-07-06 20:05:15 UTC</createdTime>
<ownerDesignName>nimblepm_datamodel</ownerDesignName>
<importedID>37957C5A-5DB2-F7C2-FFC0-8D4CFDCBE3CD</importedID>
<nullsAllowed>true</nullsAllowed>
<use>0</use>
<logicalDatatype>LOGDT019</logicalDatatype>
<domain>6E70DE84-56EA-FD55-C31F-555863DF8645</domain>
<autoIncrementCycle>false</autoIncrementCycle>
</Column>
<Column name="START_DATE1" id="E0CBC130-DB02-0D8E-E670-DAFD1F95BC22">
<sourceDDLFile>schema_test.sql</sourceDDLFile>
<createdBy>carlostrejo</createdBy>
<createdTime>2015-07-06 20:05:15 UTC</createdTime>
<ownerDesignName>nimblepm_datamodel</ownerDesignName>
<importedID>9C12B7DE-4527-CA40-068E-6037FF222166</importedID>
<nullsAllowed>true</nullsAllowed>
<use>0</use>
<logicalDatatype>LOGDT007</logicalDatatype>
<domain>C088B010-3073-E8C9-16B8-732C8FDC687F</domain>
<autoIncrementCycle>false</autoIncrementCycle>
</Column>
<Column name="END_DATE1" id="D7CBCA1E-DFB8-41F7-345E-A7C6F3221C8A">
<sourceDDLFile>schema_test.sql</sourceDDLFile>
<createdBy>carlostrejo</createdBy>
<createdTime>2015-07-06 20:05:15 UTC</createdTime>
<ownerDesignName>nimblepm_datamodel</ownerDesignName>
<importedID>B3ED4E9F-B22D-A41A-68E0-38109E20FAD0</importedID>
<nullsAllowed>true</nullsAllowed>
<use>0</use>
<logicalDatatype>LOGDT007</logicalDatatype>
<domain>C088B010-3073-E8C9-16B8-732C8FDC687F</domain>
<autoIncrementCycle>false</autoIncrementCycle>
</Column>
<Column name="NPM_FLOOR_FLOOR_ID" id="80F1DB2D-1D88-55DD-4F9C-A1C1DCE833D3">
<sourceDDLFile>schema_test.sql</sourceDDLFile>
<createdBy>carlostrejo</createdBy>
<createdTime>2015-07-06 20:05:15 UTC</createdTime>
<ownerDesignName>nimblepm_datamodel</ownerDesignName>
<importedID>8457046C-B135-8186-A25C-F083A808A720</importedID>
<nullsAllowed>true</nullsAllowed>
<use>0</use>
<logicalDatatype>LOGDT019</logicalDatatype>
<domain>6E70DE84-56EA-FD55-C31F-555863DF8645</domain>
<delegate>C5C3E263-3DFE-7B13-EC80-22808E7BA993</delegate>
<autoIncrementCycle>false</autoIncrementCycle>
<associations>
<colAssociation fkAssociation="1016A1CD-76B7-6718-6FDD-7843C69741F4" referredColumn="C5C3E263-3DFE-7B13-EC80-22808E7BA993"/>
</associations>
</Column>
<Column name="NPM_BUILDING_BUILDING_ID" id="82236D31-272F-30AA-C562-D386D518251B">
<sourceDDLFile>schema_test.sql</sourceDDLFile>
<createdBy>carlostrejo</createdBy>
<createdTime>2015-07-06 20:05:15 UTC</createdTime>
<ownerDesignName>nimblepm_datamodel</ownerDesignName>
<importedID>59F2A587-8992-3B2E-4DA5-AE527118884C</importedID>
<nullsAllowed>true</nullsAllowed>
<use>0</use>
<logicalDatatype>LOGDT019</logicalDatatype>
<domain>6E70DE84-56EA-FD55-C31F-555863DF8645</domain>
<delegate>87EED9BF-FDCC-DBCE-6A1E-2958E3B9F683</delegate>
<autoIncrementCycle>false</autoIncrementCycle>
<associations>
<colAssociation fkAssociation="E92B4690-6EAB-18BC-FD58-7BD571CE16DD" referredColumn="87EED9BF-FDCC-DBCE-6A1E-2958E3B9F683"/>
</associations>
</Column>
<Column name="NPM_AGREEMENTS_AGREEMENT_ID" id="9FDB197A-4523-CACC-635C-0B682F1C8EA4">
<sourceDDLFile>schema_test.sql</sourceDDLFile>
<createdBy>carlostrejo</createdBy>
<createdTime>2015-07-06 20:05:15 UTC</createdTime>
<ownerDesignName>nimblepm_datamodel</ownerDesignName>
<importedID>ED8DD81F-C168-039E-FFAD-E2A77DAE4649</importedID>
<nullsAllowed>true</nullsAllowed>
<use>0</use>
<logicalDatatype>LOGDT019</logicalDatatype>
<domain>6E70DE84-56EA-FD55-C31F-555863DF8645</domain>
<delegate>8BADAEAB-E370-6632-2D8C-AF2AC56DC07B</delegate>
<autoIncrementCycle>false</autoIncrementCycle>
<associations>
<colAssociation fkAssociation="87EEA53E-28A5-0FCA-7F59-1595114672F5" referredColumn="8BADAEAB-E370-6632-2D8C-AF2AC56DC07B"/>
</associations>
</Column>
<Column name="NPM_PROPERTY_PROPERTY_ID" id="3F5F0567-CD64-3701-449E-8FF65EC95C1C">
<sourceDDLFile>schema_test.sql</sourceDDLFile>
<createdBy>carlostrejo</createdBy>
<createdTime>2015-07-06 20:05:15 UTC</createdTime>
<ownerDesignName>nimblepm_datamodel</ownerDesignName>
<importedID>B2E1478A-2E7F-F231-E7B5-BEE92CCFACA5</importedID>
<nullsAllowed>true</nullsAllowed>
<use>0</use>
<logicalDatatype>LOGDT019</logicalDatatype>
<domain>6E70DE84-56EA-FD55-C31F-555863DF8645</domain>
<delegate>7659DE0E-897D-3984-10F5-D466EB03FF37</delegate>
<autoIncrementCycle>false</autoIncrementCycle>
<associations>
<colAssociation fkAssociation="650A16BF-37F4-7680-7A63-1E3140EABBCE" referredColumn="7659DE0E-897D-3984-10F5-D466EB03FF37"/>
</associations>
</Column>
<Column name="CREATED" id="67D7ECAE-223A-7E20-7A29-409C7018D370">
<sourceDDLFile>schema_test.sql</sourceDDLFile>
<createdBy>carlostrejo</createdBy>
<createdTime>2015-07-06 20:05:15 UTC</createdTime>
<ownerDesignName>nimblepm_datamodel</ownerDesignName>
<importedID>ED8FADE5-927B-C3B7-B43F-D176791EFFDF</importedID>
<nullsAllowed>true</nullsAllowed>
<use>0</use>
<logicalDatatype>LOGDT007</logicalDatatype>
<domain>C088B010-3073-E8C9-16B8-732C8FDC687F</domain>
<autoIncrementCycle>false</autoIncrementCycle>
</Column>
<Column name="CREATED_BY" id="C0917928-FC25-120A-77AE-A981CB2BF1B9">
<sourceDDLFile>schema_test.sql</sourceDDLFile>
<createdBy>carlostrejo</createdBy>
<createdTime>2015-07-06 20:05:15 UTC</createdTime>
<ownerDesignName>nimblepm_datamodel</ownerDesignName>
<importedID>1B349653-7895-D835-5360-E4C5BC020656</importedID>
<nullsAllowed>true</nullsAllowed>
<use>0</use>
<logicalDatatype>LOGDT024</logicalDatatype>
<domain>A66AF118-C268-14CE-8F42-978DAE668674</domain>
<autoIncrementCycle>false</autoIncrementCycle>
</Column>
<Column name="ROW_VERSION_NUMBER" id="8F658B7B-81DE-1240-6718-1F13A45C3BFA">
<sourceDDLFile>schema_test.sql</sourceDDLFile>
<createdBy>carlostrejo</createdBy>
<createdTime>2015-07-06 20:05:15 UTC</createdTime>
<ownerDesignName>nimblepm_datamodel</ownerDesignName>
<importedID>093D5825-5BD5-41DA-E758-3FCB505EB580</importedID>
<nullsAllowed>true</nullsAllowed>
<use>0</use>
<logicalDatatype>LOGDT019</logicalDatatype>
<domain>6E70DE84-56EA-FD55-C31F-555863DF8645</domain>
<autoIncrementCycle>false</autoIncrementCycle>
</Column>
<Column name="UPDATED" id="7E69D6F6-374C-9760-813C-31D3ABE5BDDD">
<sourceDDLFile>schema_test.sql</sourceDDLFile>
<createdBy>carlostrejo</createdBy>
<createdTime>2015-07-06 20:05:15 UTC</createdTime>
<ownerDesignName>nimblepm_datamodel</ownerDesignName>
<importedID>9B383781-6955-4635-CCCE-7A6199F16ECA</importedID>
<nullsAllowed>true</nullsAllowed>
<use>0</use>
<logicalDatatype>LOGDT007</logicalDatatype>
<domain>C088B010-3073-E8C9-16B8-732C8FDC687F</domain>
<autoIncrementCycle>false</autoIncrementCycle>
</Column>
<Column name="UPDATED_BY" id="49E3DD23-22C0-4FBC-A549-6A72ECF10C38">
<sourceDDLFile>schema_test.sql</sourceDDLFile>
<createdBy>carlostrejo</createdBy>
<createdTime>2015-07-06 20:05:15 UTC</createdTime>
<ownerDesignName>nimblepm_datamodel</ownerDesignName>
<importedID>79FB34EF-A802-2A6E-C3CE-A7E5AF95BCF1</importedID>
<nullsAllowed>true</nullsAllowed>
<use>0</use>
<logicalDatatype>LOGDT024</logicalDatatype>
<domain>A66AF118-C268-14CE-8F42-978DAE668674</domain>
<autoIncrementCycle>false</autoIncrementCycle>
</Column>
<Column name="NPM_PERSON_person_id" id="ED2B2833-A469-27C0-BA69-32DC6732C6C4">
<createdBy>carlostrejo</createdBy>
<createdTime>2015-07-16 20:45:32 UTC</createdTime>
<generatorID>6CCA2810-FC17-3405-84FD-A4C0D62D6950</generatorID>
<ownerDesignName>nimblepm_datamodel</ownerDesignName>
<nullsAllowed>true</nullsAllowed>
<useDomainConstraints>false</useDomainConstraints>
<use>1</use>
<logicalDatatype>LOGDT011</logicalDatatype>
<previousColumn>false</previousColumn>
<autoIncrementCycle>false</autoIncrementCycle>
</Column>
</columns>
<indexes itemClass="oracle.dbtools.crest.model.design.relational.Index">
<ind_PK_UK id="77A00863-620F-D8DF-F09E-F4BEB7B49A11" name="NPM_PROPERTY_PK">
<sourceDDLFile>schema_test.sql</sourceDDLFile>
<createdBy>carlostrejo</createdBy>
<createdTime>2015-07-06 20:05:15 UTC</createdTime>
<ownerDesignName>nimblepm_datamodel</ownerDesignName>
<importedID>5B8D937C-0AB6-982A-CC4A-92D2456DFEED</importedID>
<pk>true</pk>
<indexState>Primary Constraint</indexState>
<isSurrogateKey>false</isSurrogateKey>
<indexColumnUsage>
<colUsage columnID="7659DE0E-897D-3984-10F5-D466EB03FF37"/>
</indexColumnUsage>
</ind_PK_UK>
<ind_PK_UK id="35FEA809-B792-FE55-22F4-CF5B61B2EC71" name="BUILDING_ID_FK_32">
<sourceDDLFile>schema_test.sql</sourceDDLFile>
<createdBy>carlostrejo</createdBy>
<createdTime>2015-07-06 20:05:15 UTC</createdTime>
<ownerDesignName>nimblepm_datamodel</ownerDesignName>
<importedID>00D5F42F-8CD8-A81C-001D-D4D947B1C153</importedID>
<isSurrogateKey>false</isSurrogateKey>
<indexColumnUsage>
<colUsage columnID="82236D31-272F-30AA-C562-D386D518251B"/>
</indexColumnUsage>
</ind_PK_UK>
<ind_PK_UK id="E784CE39-DEBF-6EAD-5A66-F906A8E48026" name="FLOOR_ID_FK_33">
<sourceDDLFile>schema_test.sql</sourceDDLFile>
<createdBy>carlostrejo</createdBy>
<createdTime>2015-07-06 20:05:15 UTC</createdTime>
<ownerDesignName>nimblepm_datamodel</ownerDesignName>
<importedID>D5374C39-BC95-DD31-E141-9281A8E1E05C</importedID>
<isSurrogateKey>false</isSurrogateKey>
<indexColumnUsage>
<colUsage columnID="80F1DB2D-1D88-55DD-4F9C-A1C1DCE833D3"/>
</indexColumnUsage>
</ind_PK_UK>
<ind_PK_UK id="21C65D17-23B5-8765-295C-BEA18B1A7F68" name="NPM_PROPERTY__IDX">
<sourceDDLFile>schema_test.sql</sourceDDLFile>
<createdBy>carlostrejo</createdBy>
<createdTime>2015-07-06 20:05:15 UTC</createdTime>
<ownerDesignName>nimblepm_datamodel</ownerDesignName>
<importedID>6B0CA073-8A78-0932-071E-BE06437DE5FD</importedID>
<indexState>Unique Plain Index</indexState>
<isSurrogateKey>false</isSurrogateKey>
<indexColumnUsage>
<colUsage columnID="9FDB197A-4523-CACC-635C-0B682F1C8EA4"/>
</indexColumnUsage>
</ind_PK_UK>
<ind_PK_UK id="AD0934F8-6486-F3ED-7764-A13CBE64F79E" name="PROPERTY_ID1_FK_34">
<sourceDDLFile>schema_test.sql</sourceDDLFile>
<createdBy>carlostrejo</createdBy>
<createdTime>2015-07-06 20:05:15 UTC</createdTime>
<ownerDesignName>nimblepm_datamodel</ownerDesignName>
<importedID>A07ABD02-F39E-8CC4-5DD4-44ACD537DA6E</importedID>
<isSurrogateKey>false</isSurrogateKey>
<indexColumnUsage>
<colUsage columnID="3F5F0567-CD64-3701-449E-8FF65EC95C1C"/>
</indexColumnUsage>
</ind_PK_UK>
<ind_PK_UK id="FAB5443F-E39B-B2BC-43BB-96BAA323DE53" name="NPM_PROPERTY_NPM_AGREEMENTS_FK">
<createdBy>carlostrejo</createdBy>
<createdTime>2015-07-06 20:05:15 UTC</createdTime>
<ownerDesignName>nimblepm_datamodel</ownerDesignName>
<indexState>Foreign Key</indexState>
<isSurrogateKey>false</isSurrogateKey>
<indexColumnUsage>
<colUsage columnID="9FDB197A-4523-CACC-635C-0B682F1C8EA4"/>
</indexColumnUsage>
</ind_PK_UK>
<ind_PK_UK id="C0EEE753-37F1-EFCD-B110-A06DBF3D65E0" name="NPM_PROPERTY_NPM_BUILDING_FK">
<createdBy>carlostrejo</createdBy>
<createdTime>2015-07-06 20:05:15 UTC</createdTime>
<ownerDesignName>nimblepm_datamodel</ownerDesignName>
<indexState>Foreign Key</indexState>
<isSurrogateKey>false</isSurrogateKey>
<indexColumnUsage>
<colUsage columnID="82236D31-272F-30AA-C562-D386D518251B"/>
</indexColumnUsage>
</ind_PK_UK>
<ind_PK_UK id="2AA3FBD1-8527-D702-87AB-F8D156DF2175" name="NPM_PROPERTY_NPM_FLOOR_FK">
<createdBy>carlostrejo</createdBy>
<createdTime>2015-07-06 20:05:15 UTC</createdTime>
<ownerDesignName>nimblepm_datamodel</ownerDesignName>
<indexState>Foreign Key</indexState>
<isSurrogateKey>false</isSurrogateKey>
<indexColumnUsage>
<colUsage columnID="80F1DB2D-1D88-55DD-4F9C-A1C1DCE833D3"/>
</indexColumnUsage>
</ind_PK_UK>
<ind_PK_UK id="ADF08F41-CADE-CE59-4A1F-D0BC293BF747" name="NPM_PROPERTY_NPM_PROPERTY_FK">
<createdBy>carlostrejo</createdBy>
<createdTime>2015-07-06 20:05:15 UTC</createdTime>
<ownerDesignName>nimblepm_datamodel</ownerDesignName>
<indexState>Foreign Key</indexState>
<isSurrogateKey>false</isSurrogateKey>
<indexColumnUsage>
<colUsage columnID="3F5F0567-CD64-3701-449E-8FF65EC95C1C"/>
</indexColumnUsage>
</ind_PK_UK>
</indexes>
</Table>