<?xml version = '1.0' encoding = 'UTF-8'?>
<Table class="oracle.dbtools.crest.model.design.relational.Table" directorySegmentName="seg_0" id="1BA3B3F7-03B6-E315-A9B9-656BDBAED22C" name="NPM_FLOOR">
<sourceDDLFile>schema_test.sql</sourceDDLFile>
<createdBy>carlostrejo</createdBy>
<createdTime>2015-07-06 20:05:15 UTC</createdTime>
<ownerDesignName>nimblepm_datamodel</ownerDesignName>
<importedID>84C7B3BA-E9BB-3AA8-559F-E3BBC8F927B3</importedID>
<allowColumnReorder>false</allowColumnReorder>
<existDependencyGenerateInDDl>true</existDependencyGenerateInDDl>
<columns itemClass="oracle.dbtools.crest.model.design.relational.Column">
<Column name="FLOOR_ID" id="C5C3E263-3DFE-7B13-EC80-22808E7BA993">
<sourceDDLFile>schema_test.sql</sourceDDLFile>
<createdBy>carlostrejo</createdBy>
<createdTime>2015-07-06 20:05:15 UTC</createdTime>
<ownerDesignName>nimblepm_datamodel</ownerDesignName>
<importedID>EA6B437E-4C6C-BDF6-4CF0-FC96ED3B569B</importedID>
<use>0</use>
<logicalDatatype>LOGDT019</logicalDatatype>
<domain>6E70DE84-56EA-FD55-C31F-555863DF8645</domain>
<autoIncrementCycle>false</autoIncrementCycle>
</Column>
<Column name="FLOOR_NAME" id="C4AACDCD-0C8F-A86D-D3A3-825AB68EA6D3">
<sourceDDLFile>schema_test.sql</sourceDDLFile>
<createdBy>carlostrejo</createdBy>
<createdTime>2015-07-06 20:05:15 UTC</createdTime>
<ownerDesignName>nimblepm_datamodel</ownerDesignName>
<importedID>E81F8A7A-1CC7-CDF5-F887-C1C7153FA7AC</importedID>
<nullsAllowed>true</nullsAllowed>
<use>0</use>
<logicalDatatype>LOGDT024</logicalDatatype>
<domain>A66AF118-C268-14CE-8F42-978DAE668674</domain>
<autoIncrementCycle>false</autoIncrementCycle>
</Column>
<Column name="NPM_BUILDING_BUILDING_ID" id="683C62ED-DF09-28EE-91A6-374316D1BC9A">
<sourceDDLFile>schema_test.sql</sourceDDLFile>
<createdBy>carlostrejo</createdBy>
<createdTime>2015-07-06 20:05:15 UTC</createdTime>
<ownerDesignName>nimblepm_datamodel</ownerDesignName>
<importedID>FE8D7A98-25AE-2E94-D013-553B706B0786</importedID>
<nullsAllowed>true</nullsAllowed>
<use>0</use>
<logicalDatatype>LOGDT019</logicalDatatype>
<domain>6E70DE84-56EA-FD55-C31F-555863DF8645</domain>
<delegate>87EED9BF-FDCC-DBCE-6A1E-2958E3B9F683</delegate>
<autoIncrementCycle>false</autoIncrementCycle>
<associations>
<colAssociation fkAssociation="FE2D24E4-E6F3-48A3-F238-93CD7A81DE28" referredColumn="87EED9BF-FDCC-DBCE-6A1E-2958E3B9F683"/>
</associations>
</Column>
<Column name="CREATED" id="C95B47EE-46C5-45AF-E0E9-8DF40835A72D">
<sourceDDLFile>schema_test.sql</sourceDDLFile>
<createdBy>carlostrejo</createdBy>
<createdTime>2015-07-06 20:05:15 UTC</createdTime>
<ownerDesignName>nimblepm_datamodel</ownerDesignName>
<importedID>114E4E0A-5243-32A4-5E78-EF884F71E929</importedID>
<nullsAllowed>true</nullsAllowed>
<use>0</use>
<logicalDatatype>LOGDT007</logicalDatatype>
<domain>C088B010-3073-E8C9-16B8-732C8FDC687F</domain>
<autoIncrementCycle>false</autoIncrementCycle>
</Column>
<Column name="CREATED_BY" id="B8D1ADB1-E354-1014-97AC-0D265B88F253">
<sourceDDLFile>schema_test.sql</sourceDDLFile>
<createdBy>carlostrejo</createdBy>
<createdTime>2015-07-06 20:05:15 UTC</createdTime>
<ownerDesignName>nimblepm_datamodel</ownerDesignName>
<importedID>CC796D6A-E27F-46AC-BCC6-50A41AB884DF</importedID>
<nullsAllowed>true</nullsAllowed>
<use>0</use>
<logicalDatatype>LOGDT024</logicalDatatype>
<domain>A66AF118-C268-14CE-8F42-978DAE668674</domain>
<autoIncrementCycle>false</autoIncrementCycle>
</Column>
<Column name="ROW_VERSION_NUMBER" id="91396E46-B27E-9B91-325A-5755E2160AA0">
<sourceDDLFile>schema_test.sql</sourceDDLFile>
<createdBy>carlostrejo</createdBy>
<createdTime>2015-07-06 20:05:15 UTC</createdTime>
<ownerDesignName>nimblepm_datamodel</ownerDesignName>
<importedID>493F1800-FD65-D4FE-28E7-D46E8498DBBB</importedID>
<nullsAllowed>true</nullsAllowed>
<use>0</use>
<logicalDatatype>LOGDT019</logicalDatatype>
<domain>6E70DE84-56EA-FD55-C31F-555863DF8645</domain>
<autoIncrementCycle>false</autoIncrementCycle>
</Column>
<Column name="UPDATED" id="F38DEE5D-A281-BFC4-DDEE-2F69CD9E6FE8">
<sourceDDLFile>schema_test.sql</sourceDDLFile>
<createdBy>carlostrejo</createdBy>
<createdTime>2015-07-06 20:05:15 UTC</createdTime>
<ownerDesignName>nimblepm_datamodel</ownerDesignName>
<importedID>644BB45B-F9BC-AD6A-C592-015D58DD3470</importedID>
<nullsAllowed>true</nullsAllowed>
<use>0</use>
<logicalDatatype>LOGDT007</logicalDatatype>
<domain>C088B010-3073-E8C9-16B8-732C8FDC687F</domain>
<autoIncrementCycle>false</autoIncrementCycle>
</Column>
<Column name="UPDATED_BY" id="9D4BF002-722B-3490-80E3-8315983413FA">
<sourceDDLFile>schema_test.sql</sourceDDLFile>
<createdBy>carlostrejo</createdBy>
<createdTime>2015-07-06 20:05:15 UTC</createdTime>
<ownerDesignName>nimblepm_datamodel</ownerDesignName>
<importedID>A42A8D22-8E90-933B-0247-EC3B579967A8</importedID>
<nullsAllowed>true</nullsAllowed>
<use>0</use>
<logicalDatatype>LOGDT024</logicalDatatype>
<domain>A66AF118-C268-14CE-8F42-978DAE668674</domain>
<autoIncrementCycle>false</autoIncrementCycle>
</Column>
</columns>
<indexes itemClass="oracle.dbtools.crest.model.design.relational.Index">
<ind_PK_UK id="1CCFC638-DC2D-E8AB-3D0E-896AF438898C" name="NPM_FLOOR_PK">
<sourceDDLFile>schema_test.sql</sourceDDLFile>
<createdBy>carlostrejo</createdBy>
<createdTime>2015-07-06 20:05:15 UTC</createdTime>
<ownerDesignName>nimblepm_datamodel</ownerDesignName>
<importedID>B0F7048B-5D5C-9AD6-7561-ED9E6A913E63</importedID>
<pk>true</pk>
<indexState>Primary Constraint</indexState>
<isSurrogateKey>false</isSurrogateKey>
<indexColumnUsage>
<colUsage columnID="C5C3E263-3DFE-7B13-EC80-22808E7BA993"/>
</indexColumnUsage>
</ind_PK_UK>
<ind_PK_UK id="8C8983DF-AF10-34B1-7EF9-BA6A4B50B324" name="NPM_FLOOR_NPM_BUILDING_FK">
<createdBy>carlostrejo</createdBy>
<createdTime>2015-07-06 20:05:15 UTC</createdTime>
<ownerDesignName>nimblepm_datamodel</ownerDesignName>
<indexState>Foreign Key</indexState>
<isSurrogateKey>false</isSurrogateKey>
<indexColumnUsage>
<colUsage columnID="683C62ED-DF09-28EE-91A6-374316D1BC9A"/>
</indexColumnUsage>
</ind_PK_UK>
</indexes>
</Table>