<?xml version = '1.0' encoding = 'UTF-8'?>
<Table class="oracle.dbtools.crest.model.design.relational.Table" directorySegmentName="seg_0" id="40100D17-500C-AC40-F337-C7EE91AB59C4" name="NPM_EMAIL">
<sourceDDLFile>schema_test.sql</sourceDDLFile>
<createdBy>carlostrejo</createdBy>
<createdTime>2015-07-06 20:05:15 UTC</createdTime>
<ownerDesignName>nimblepm_datamodel</ownerDesignName>
<importedID>17C4B83B-F666-0DFC-6C12-C2B41F0A625D</importedID>
<allowColumnReorder>false</allowColumnReorder>
<existDependencyGenerateInDDl>true</existDependencyGenerateInDDl>
<columns itemClass="oracle.dbtools.crest.model.design.relational.Column">
<Column name="EMAIL_ID" id="774E07CE-74D3-A81A-6965-B67F5FD6276F">
<sourceDDLFile>schema_test.sql</sourceDDLFile>
<createdBy>carlostrejo</createdBy>
<createdTime>2015-07-06 20:05:15 UTC</createdTime>
<ownerDesignName>nimblepm_datamodel</ownerDesignName>
<importedID>ABB1984F-1278-F0F3-876A-4EDAB2AE71FA</importedID>
<use>0</use>
<logicalDatatype>LOGDT019</logicalDatatype>
<domain>6E70DE84-56EA-FD55-C31F-555863DF8645</domain>
<autoIncrementCycle>false</autoIncrementCycle>
</Column>
<Column name="date" id="0A070F31-A819-D9FF-0EE9-6707D8824153">
<sourceDDLFile>schema_test.sql</sourceDDLFile>
<createdBy>carlostrejo</createdBy>
<createdTime>2015-07-06 20:05:15 UTC</createdTime>
<ownerDesignName>nimblepm_datamodel</ownerDesignName>
<nameHasQuotes>true</nameHasQuotes>
<importedID>B3AEDAE0-034D-E691-2BDF-6687C83D00B9</importedID>
<nullsAllowed>true</nullsAllowed>
<use>0</use>
<logicalDatatype>LOGDT007</logicalDatatype>
<domain>C088B010-3073-E8C9-16B8-732C8FDC687F</domain>
<autoIncrementCycle>false</autoIncrementCycle>
</Column>
<Column name="NPM_CONTACT_CONTACT_ID" id="F2AA9D0D-ECD3-2286-4178-00FBEE0821C9">
<sourceDDLFile>schema_test.sql</sourceDDLFile>
<createdBy>carlostrejo</createdBy>
<createdTime>2015-07-06 20:05:15 UTC</createdTime>
<ownerDesignName>nimblepm_datamodel</ownerDesignName>
<importedID>81CAC855-01B6-E0BF-FCBB-23AC34E7F6C5</importedID>
<nullsAllowed>true</nullsAllowed>
<use>0</use>
<logicalDatatype>LOGDT019</logicalDatatype>
<domain>6E70DE84-56EA-FD55-C31F-555863DF8645</domain>
<delegate>5DACEFBB-3C84-0896-7809-4F3BB4039606</delegate>
<autoIncrementCycle>false</autoIncrementCycle>
<associations>
<colAssociation fkAssociation="F554B7F2-A58B-DB47-C646-27BDF2E3AC5E" referredColumn="5DACEFBB-3C84-0896-7809-4F3BB4039606"/>
</associations>
</Column>
<Column name="NPM_CONTACT_CONTACT_ID2" id="B22CD23B-3C59-6A07-404A-55AAD3BDF399">
<sourceDDLFile>schema_test.sql</sourceDDLFile>
<createdBy>carlostrejo</createdBy>
<createdTime>2015-07-06 20:05:15 UTC</createdTime>
<ownerDesignName>nimblepm_datamodel</ownerDesignName>
<importedID>1FBB2542-BCB5-07A1-F916-DC9BB05406FC</importedID>
<nullsAllowed>true</nullsAllowed>
<use>0</use>
<logicalDatatype>LOGDT019</logicalDatatype>
<domain>6E70DE84-56EA-FD55-C31F-555863DF8645</domain>
<delegate>5DACEFBB-3C84-0896-7809-4F3BB4039606</delegate>
<autoIncrementCycle>false</autoIncrementCycle>
<associations>
<colAssociation fkAssociation="E5A35E75-1945-ABA7-BA01-31634868AF42" referredColumn="5DACEFBB-3C84-0896-7809-4F3BB4039606"/>
</associations>
</Column>
<Column name="SENDER_EMAIL" id="C5DB14E6-7FE9-CFF1-0FBF-6A8FC97BE5DC">
<sourceDDLFile>schema_test.sql</sourceDDLFile>
<createdBy>carlostrejo</createdBy>
<createdTime>2015-07-06 20:05:15 UTC</createdTime>
<ownerDesignName>nimblepm_datamodel</ownerDesignName>
<importedID>A16A285D-8102-3382-7072-19CFA071D40E</importedID>
<nullsAllowed>true</nullsAllowed>
<use>0</use>
<logicalDatatype>LOGDT024</logicalDatatype>
<domain>4BEE115C-4E9A-E122-CAF3-B8EEF55866AC</domain>
<autoIncrementCycle>false</autoIncrementCycle>
</Column>
<Column name="RECIPIENT_EMAIL" id="E3BFCED1-B76D-107E-2AC1-05C7FCD4E63E">
<sourceDDLFile>schema_test.sql</sourceDDLFile>
<createdBy>carlostrejo</createdBy>
<createdTime>2015-07-06 20:05:15 UTC</createdTime>
<ownerDesignName>nimblepm_datamodel</ownerDesignName>
<importedID>74C44A22-1CE5-31FC-9BFC-4AC1B79C275F</importedID>
<nullsAllowed>true</nullsAllowed>
<use>0</use>
<logicalDatatype>LOGDT024</logicalDatatype>
<domain>4BEE115C-4E9A-E122-CAF3-B8EEF55866AC</domain>
<autoIncrementCycle>false</autoIncrementCycle>
</Column>
<Column name="EMAIL_BODY" id="1337BCAD-3340-3C1A-5D9D-EF49F5105FC2">
<sourceDDLFile>schema_test.sql</sourceDDLFile>
<createdBy>carlostrejo</createdBy>
<createdTime>2015-07-06 20:05:15 UTC</createdTime>
<ownerDesignName>nimblepm_datamodel</ownerDesignName>
<importedID>0F3E1EA6-E32D-2F7E-E8D0-305BA06D7AEC</importedID>
<nullsAllowed>true</nullsAllowed>
<use>0</use>
<logicalDatatype>LOGDT028</logicalDatatype>
<domain>AE929917-8192-6AE8-4F74-4B918398916A</domain>
<autoIncrementCycle>false</autoIncrementCycle>
</Column>
<Column name="NPM_AGREEMENTS_AGREEMENT_ID" id="88E12F62-F414-BB2D-0C05-173022E3CE3A">
<sourceDDLFile>schema_test.sql</sourceDDLFile>
<createdBy>carlostrejo</createdBy>
<createdTime>2015-07-06 20:05:15 UTC</createdTime>
<ownerDesignName>nimblepm_datamodel</ownerDesignName>
<importedID>33A17AA2-E269-0CE1-E26A-1EA69F2E872E</importedID>
<nullsAllowed>true</nullsAllowed>
<use>0</use>
<logicalDatatype>LOGDT019</logicalDatatype>
<domain>6E70DE84-56EA-FD55-C31F-555863DF8645</domain>
<delegate>8BADAEAB-E370-6632-2D8C-AF2AC56DC07B</delegate>
<autoIncrementCycle>false</autoIncrementCycle>
<associations>
<colAssociation fkAssociation="4CD4721F-D3FF-2889-624D-660244913541" referredColumn="8BADAEAB-E370-6632-2D8C-AF2AC56DC07B"/>
</associations>
</Column>
<Column name="CREATED" id="73305231-7527-FF8B-2B1A-FFEC72F96C87">
<sourceDDLFile>schema_test.sql</sourceDDLFile>
<createdBy>carlostrejo</createdBy>
<createdTime>2015-07-06 20:05:15 UTC</createdTime>
<ownerDesignName>nimblepm_datamodel</ownerDesignName>
<importedID>5A6581C0-B1D5-FC1F-6057-AF4CE14DD56B</importedID>
<nullsAllowed>true</nullsAllowed>
<use>0</use>
<logicalDatatype>LOGDT007</logicalDatatype>
<domain>C088B010-3073-E8C9-16B8-732C8FDC687F</domain>
<autoIncrementCycle>false</autoIncrementCycle>
</Column>
<Column name="CREATED_BY" id="E3D28A65-C547-BD4B-8805-A603154793BF">
<sourceDDLFile>schema_test.sql</sourceDDLFile>
<createdBy>carlostrejo</createdBy>
<createdTime>2015-07-06 20:05:15 UTC</createdTime>
<ownerDesignName>nimblepm_datamodel</ownerDesignName>
<importedID>51A92669-1F2C-3B19-8E6C-E814F1F9FA64</importedID>
<nullsAllowed>true</nullsAllowed>
<use>0</use>
<logicalDatatype>LOGDT024</logicalDatatype>
<domain>A66AF118-C268-14CE-8F42-978DAE668674</domain>
<autoIncrementCycle>false</autoIncrementCycle>
</Column>
<Column name="ROW_VERSION_NUMBER" id="B3B7088A-376F-736C-8EC6-96B1BCC23486">
<sourceDDLFile>schema_test.sql</sourceDDLFile>
<createdBy>carlostrejo</createdBy>
<createdTime>2015-07-06 20:05:15 UTC</createdTime>
<ownerDesignName>nimblepm_datamodel</ownerDesignName>
<importedID>43049515-6AE3-06FB-EA52-9278E8F955EA</importedID>
<nullsAllowed>true</nullsAllowed>
<use>0</use>
<logicalDatatype>LOGDT019</logicalDatatype>
<domain>6E70DE84-56EA-FD55-C31F-555863DF8645</domain>
<autoIncrementCycle>false</autoIncrementCycle>
</Column>
<Column name="UPDATED" id="D01D2F53-A0F5-F78A-9570-D10FF519EE7D">
<sourceDDLFile>schema_test.sql</sourceDDLFile>
<createdBy>carlostrejo</createdBy>
<createdTime>2015-07-06 20:05:15 UTC</createdTime>
<ownerDesignName>nimblepm_datamodel</ownerDesignName>
<importedID>465EA36F-0669-7FA6-DAEC-EC26EB7AB19E</importedID>
<nullsAllowed>true</nullsAllowed>
<use>0</use>
<logicalDatatype>LOGDT007</logicalDatatype>
<domain>C088B010-3073-E8C9-16B8-732C8FDC687F</domain>
<autoIncrementCycle>false</autoIncrementCycle>
</Column>
<Column name="UPDATED_BY" id="D6DE2370-7467-41A5-EDDC-2062C5CBEC46">
<sourceDDLFile>schema_test.sql</sourceDDLFile>
<createdBy>carlostrejo</createdBy>
<createdTime>2015-07-06 20:05:15 UTC</createdTime>
<ownerDesignName>nimblepm_datamodel</ownerDesignName>
<importedID>6BC39A2E-84C9-CBF8-909A-94794BB05485</importedID>
<nullsAllowed>true</nullsAllowed>
<use>0</use>
<logicalDatatype>LOGDT024</logicalDatatype>
<domain>A66AF118-C268-14CE-8F42-978DAE668674</domain>
<autoIncrementCycle>false</autoIncrementCycle>
</Column>
</columns>
<indexes itemClass="oracle.dbtools.crest.model.design.relational.Index">
<ind_PK_UK id="DEDBB07B-F9B1-B441-7B81-0053756910A0" name="NPM_EMAIL_PK">
<sourceDDLFile>schema_test.sql</sourceDDLFile>
<createdBy>carlostrejo</createdBy>
<createdTime>2015-07-06 20:05:15 UTC</createdTime>
<ownerDesignName>nimblepm_datamodel</ownerDesignName>
<importedID>50EFB639-1BD2-8115-343F-D22F2164955D</importedID>
<pk>true</pk>
<indexState>Primary Constraint</indexState>
<isSurrogateKey>false</isSurrogateKey>
<indexColumnUsage>
<colUsage columnID="774E07CE-74D3-A81A-6965-B67F5FD6276F"/>
</indexColumnUsage>
</ind_PK_UK>
<ind_PK_UK id="234792B9-83F4-5C97-3AD0-AFF473E3A420" name="NPM_EMAIL_NPM_AGREEMENTS_FK">
<createdBy>carlostrejo</createdBy>
<createdTime>2015-07-06 20:05:15 UTC</createdTime>
<ownerDesignName>nimblepm_datamodel</ownerDesignName>
<indexState>Foreign Key</indexState>
<isSurrogateKey>false</isSurrogateKey>
<indexColumnUsage>
<colUsage columnID="88E12F62-F414-BB2D-0C05-173022E3CE3A"/>
</indexColumnUsage>
</ind_PK_UK>
<ind_PK_UK id="4EC096ED-E862-58C5-4740-D44DD0C2111F" name="NPM_EMAIL_NPM_CONTACT_FK">
<createdBy>carlostrejo</createdBy>
<createdTime>2015-07-06 20:05:15 UTC</createdTime>
<ownerDesignName>nimblepm_datamodel</ownerDesignName>
<indexState>Foreign Key</indexState>
<isSurrogateKey>false</isSurrogateKey>
<indexColumnUsage>
<colUsage columnID="B22CD23B-3C59-6A07-404A-55AAD3BDF399"/>
</indexColumnUsage>
</ind_PK_UK>
<ind_PK_UK id="77EF2738-A212-3034-9212-4FC891B37EA9" name="NPM_EMAIL_NPM_CONTACT_FKv2">
<createdBy>carlostrejo</createdBy>
<createdTime>2015-07-06 20:05:15 UTC</createdTime>
<ownerDesignName>nimblepm_datamodel</ownerDesignName>
<indexState>Foreign Key</indexState>
<isSurrogateKey>false</isSurrogateKey>
<indexColumnUsage>
<colUsage columnID="F2AA9D0D-ECD3-2286-4178-00FBEE0821C9"/>
</indexColumnUsage>
</ind_PK_UK>
</indexes>
</Table>