<?xml version = '1.0' encoding = 'UTF-8'?>
<Table class="oracle.dbtools.crest.model.design.relational.Table" directorySegmentName="seg_0" id="5E95DF6E-2EEC-B889-38FD-FEEA094BF268" name="NPM_AGREEMENTS">
<sourceDDLFile>schema_test.sql</sourceDDLFile>
<createdBy>carlostrejo</createdBy>
<createdTime>2015-07-06 20:05:15 UTC</createdTime>
<ownerDesignName>nimblepm_datamodel</ownerDesignName>
<importedID>7C5B2F43-3517-EE2C-E8E3-9627414FB690</importedID>
<allowColumnReorder>false</allowColumnReorder>
<existDependencyGenerateInDDl>true</existDependencyGenerateInDDl>
<columns itemClass="oracle.dbtools.crest.model.design.relational.Column">
<Column name="AGREEMENT_ID" id="8BADAEAB-E370-6632-2D8C-AF2AC56DC07B">
<sourceDDLFile>schema_test.sql</sourceDDLFile>
<createdBy>carlostrejo</createdBy>
<createdTime>2015-07-06 20:05:15 UTC</createdTime>
<ownerDesignName>nimblepm_datamodel</ownerDesignName>
<importedID>4D15C5AA-8699-248A-AF54-3797CB422300</importedID>
<use>0</use>
<logicalDatatype>LOGDT019</logicalDatatype>
<domain>6E70DE84-56EA-FD55-C31F-555863DF8645</domain>
<autoIncrementCycle>false</autoIncrementCycle>
</Column>
<Column name="CONTRACT_NUMBER" id="48B99496-7B55-D219-1634-6831579D984D">
<sourceDDLFile>schema_test.sql</sourceDDLFile>
<createdBy>carlostrejo</createdBy>
<createdTime>2015-07-06 20:05:15 UTC</createdTime>
<ownerDesignName>nimblepm_datamodel</ownerDesignName>
<importedID>40FB271A-A6D5-4086-6978-D9333F308732</importedID>
<nullsAllowed>true</nullsAllowed>
<use>0</use>
<logicalDatatype>LOGDT019</logicalDatatype>
<domain>6E70DE84-56EA-FD55-C31F-555863DF8645</domain>
<autoIncrementCycle>false</autoIncrementCycle>
</Column>
<Column name="PURPOSE" id="96CC76F8-54E3-047F-EBB0-6409D5445D31">
<sourceDDLFile>schema_test.sql</sourceDDLFile>
<createdBy>carlostrejo</createdBy>
<createdTime>2015-07-06 20:05:15 UTC</createdTime>
<ownerDesignName>nimblepm_datamodel</ownerDesignName>
<importedID>4238F7D5-B621-7502-F438-D6D13FDFD799</importedID>
<nullsAllowed>true</nullsAllowed>
<use>0</use>
<logicalDatatype>LOGDT024</logicalDatatype>
<domain>C37064F9-CE09-5BD2-70F7-FBEA763F3808</domain>
<autoIncrementCycle>false</autoIncrementCycle>
</Column>
<Column name="START_DATE" id="DB990BAA-0FC1-4C97-5FD7-6043F41F4340">
<sourceDDLFile>schema_test.sql</sourceDDLFile>
<createdBy>carlostrejo</createdBy>
<createdTime>2015-07-06 20:05:15 UTC</createdTime>
<ownerDesignName>nimblepm_datamodel</ownerDesignName>
<importedID>B5AE564B-FE5A-17E6-0D95-D8EB8F0FE3F7</importedID>
<nullsAllowed>true</nullsAllowed>
<use>0</use>
<logicalDatatype>LOGDT007</logicalDatatype>
<domain>C088B010-3073-E8C9-16B8-732C8FDC687F</domain>
<autoIncrementCycle>false</autoIncrementCycle>
</Column>
<Column name="END_DATE" id="84367A74-4E31-3375-76ED-20D57DBCC323">
<sourceDDLFile>schema_test.sql</sourceDDLFile>
<createdBy>carlostrejo</createdBy>
<createdTime>2015-07-06 20:05:15 UTC</createdTime>
<ownerDesignName>nimblepm_datamodel</ownerDesignName>
<importedID>B15EE8BC-4226-2CF2-EB41-E1B44755821A</importedID>
<nullsAllowed>true</nullsAllowed>
<use>0</use>
<logicalDatatype>LOGDT007</logicalDatatype>
<domain>C088B010-3073-E8C9-16B8-732C8FDC687F</domain>
<autoIncrementCycle>false</autoIncrementCycle>
</Column>
<Column name="SIGNED_DATE" id="3C221217-DF28-CA3A-D9CB-2A3F96E76DF4">
<sourceDDLFile>schema_test.sql</sourceDDLFile>
<createdBy>carlostrejo</createdBy>
<createdTime>2015-07-06 20:05:15 UTC</createdTime>
<ownerDesignName>nimblepm_datamodel</ownerDesignName>
<importedID>FACF5B47-0725-34EB-A04C-777E162C3AF3</importedID>
<nullsAllowed>true</nullsAllowed>
<use>0</use>
<logicalDatatype>LOGDT007</logicalDatatype>
<domain>C088B010-3073-E8C9-16B8-732C8FDC687F</domain>
<autoIncrementCycle>false</autoIncrementCycle>
</Column>
<Column name="CURRENT_AMOUNT" id="81A73425-C5FE-D9B0-949D-FE2FD48AA110">
<sourceDDLFile>schema_test.sql</sourceDDLFile>
<createdBy>carlostrejo</createdBy>
<createdTime>2015-07-06 20:05:15 UTC</createdTime>
<ownerDesignName>nimblepm_datamodel</ownerDesignName>
<importedID>265DF759-EEF9-1C75-2358-77795433A92F</importedID>
<nullsAllowed>true</nullsAllowed>
<use>0</use>
<logicalDatatype>LOGDT019</logicalDatatype>
<domain>77FB8421-4B99-0760-2D7E-C333CEFAE624</domain>
<autoIncrementCycle>false</autoIncrementCycle>
</Column>
<Column name="RECEIVED_DATE" id="9F93F85D-D6BA-DE0F-2F22-54F037528F19">
<sourceDDLFile>schema_test.sql</sourceDDLFile>
<createdBy>carlostrejo</createdBy>
<createdTime>2015-07-06 20:05:15 UTC</createdTime>
<ownerDesignName>nimblepm_datamodel</ownerDesignName>
<importedID>75AA51C7-38C7-9FA3-C654-DEB9530CCD9A</importedID>
<nullsAllowed>true</nullsAllowed>
<use>0</use>
<logicalDatatype>LOGDT007</logicalDatatype>
<domain>C088B010-3073-E8C9-16B8-732C8FDC687F</domain>
<autoIncrementCycle>false</autoIncrementCycle>
</Column>
<Column name="RENEWABLE" id="C392AEF3-2A96-37ED-7AD0-9973C13E125A">
<sourceDDLFile>schema_test.sql</sourceDDLFile>
<createdBy>carlostrejo</createdBy>
<createdTime>2015-07-06 20:05:15 UTC</createdTime>
<ownerDesignName>nimblepm_datamodel</ownerDesignName>
<importedID>0F0FF08B-8B07-41C7-D0E7-CB9D3F2D5589</importedID>
<nullsAllowed>true</nullsAllowed>
<use>0</use>
<logicalDatatype>LOGDT025</logicalDatatype>
<domain>4CF51755-AC55-E0E1-CFCB-EDAD2EBE0256</domain>
<autoIncrementCycle>false</autoIncrementCycle>
</Column>
<Column name="STATUS" id="62BFEE97-1794-84DC-76C5-8323ABEF1436">
<sourceDDLFile>schema_test.sql</sourceDDLFile>
<createdBy>carlostrejo</createdBy>
<createdTime>2015-07-06 20:05:15 UTC</createdTime>
<ownerDesignName>nimblepm_datamodel</ownerDesignName>
<importedID>3AA82F51-2218-B3F6-EDF4-A9BB918A6F8C</importedID>
<nullsAllowed>true</nullsAllowed>
<use>0</use>
<logicalDatatype>LOGDT024</logicalDatatype>
<domain>DA6AA42C-5EA2-523E-AA7A-E661681A9C91</domain>
<autoIncrementCycle>false</autoIncrementCycle>
</Column>
<Column name="SERVICE_TYPE" id="AC7AC6C7-BEE2-BD02-F99E-42A8CB1FBC30">
<sourceDDLFile>schema_test.sql</sourceDDLFile>
<createdBy>carlostrejo</createdBy>
<createdTime>2015-07-06 20:05:15 UTC</createdTime>
<ownerDesignName>nimblepm_datamodel</ownerDesignName>
<importedID>35A9EBA2-25F8-7381-3671-D939CDD77570</importedID>
<nullsAllowed>true</nullsAllowed>
<use>0</use>
<logicalDatatype>LOGDT024</logicalDatatype>
<domain>A6406871-8230-5E09-2D88-C7E39201D8A8</domain>
<autoIncrementCycle>false</autoIncrementCycle>
</Column>
<Column name="ACCOUNT_TYPE" id="75379511-5CE5-11E9-CCD4-72F422532F97">
<sourceDDLFile>schema_test.sql</sourceDDLFile>
<createdBy>carlostrejo</createdBy>
<createdTime>2015-07-06 20:05:15 UTC</createdTime>
<ownerDesignName>nimblepm_datamodel</ownerDesignName>
<importedID>54ED9D1D-A92B-070C-C183-FC731439548E</importedID>
<nullsAllowed>true</nullsAllowed>
<use>0</use>
<logicalDatatype>LOGDT019</logicalDatatype>
<domain>055454B4-7EF2-2A4B-C2E8-48537B344257</domain>
<autoIncrementCycle>false</autoIncrementCycle>
</Column>
<Column name="LAST_CONTACT_DATE" id="60EBFC76-9EF0-C573-15A7-6C48122ABDC9">
<sourceDDLFile>schema_test.sql</sourceDDLFile>
<createdBy>carlostrejo</createdBy>
<createdTime>2015-07-06 20:05:15 UTC</createdTime>
<ownerDesignName>nimblepm_datamodel</ownerDesignName>
<importedID>F5B151ED-946A-961B-3E15-F5951806F166</importedID>
<nullsAllowed>true</nullsAllowed>
<use>0</use>
<logicalDatatype>LOGDT007</logicalDatatype>
<domain>C088B010-3073-E8C9-16B8-732C8FDC687F</domain>
<autoIncrementCycle>false</autoIncrementCycle>
</Column>
<Column name="LOGGED_BY" id="113514F2-9833-DF59-DCAE-48F8EBD90ACC">
<sourceDDLFile>schema_test.sql</sourceDDLFile>
<createdBy>carlostrejo</createdBy>
<createdTime>2015-07-06 20:05:15 UTC</createdTime>
<ownerDesignName>nimblepm_datamodel</ownerDesignName>
<importedID>140DE1D9-A368-64E1-6994-7BC74189FF20</importedID>
<nullsAllowed>true</nullsAllowed>
<use>0</use>
<logicalDatatype>LOGDT024</logicalDatatype>
<domain>3CB26187-E5DA-F895-E091-CA902BDEF4C4</domain>
<autoIncrementCycle>false</autoIncrementCycle>
</Column>
<Column name="ORIGINAL_AMOUNT" id="933756A8-2649-F714-7729-7D8403BD847F">
<sourceDDLFile>schema_test.sql</sourceDDLFile>
<createdBy>carlostrejo</createdBy>
<createdTime>2015-07-06 20:05:15 UTC</createdTime>
<ownerDesignName>nimblepm_datamodel</ownerDesignName>
<importedID>A2813F3D-7D79-2C1E-D0F0-E8935F5BDA59</importedID>
<nullsAllowed>true</nullsAllowed>
<use>0</use>
<logicalDatatype>LOGDT019</logicalDatatype>
<domain>77FB8421-4B99-0760-2D7E-C333CEFAE624</domain>
<autoIncrementCycle>false</autoIncrementCycle>
</Column>
<Column name="NPM_DEPARTMENT_DEPARTMENT_ID" id="7177E528-4797-CE37-20D2-F06772D3674E">
<sourceDDLFile>schema_test.sql</sourceDDLFile>
<createdBy>carlostrejo</createdBy>
<createdTime>2015-07-06 20:05:15 UTC</createdTime>
<ownerDesignName>nimblepm_datamodel</ownerDesignName>
<importedID>702D3CA1-AD60-F4B7-B806-A05FFB7B06E5</importedID>
<nullsAllowed>true</nullsAllowed>
<use>0</use>
<logicalDatatype>LOGDT019</logicalDatatype>
<domain>6E70DE84-56EA-FD55-C31F-555863DF8645</domain>
<delegate>298F2BDE-7D17-3D34-4B3A-4BB0A7034068</delegate>
<autoIncrementCycle>false</autoIncrementCycle>
<associations>
<colAssociation fkAssociation="F9BC6F10-5437-1BB3-571E-060769B10012" referredColumn="298F2BDE-7D17-3D34-4B3A-4BB0A7034068"/>
</associations>
</Column>
<Column name="NPM_VENDOR_VENDOR_ID" id="29DC1A11-30D7-E335-08B5-D9FE738B2608">
<sourceDDLFile>schema_test.sql</sourceDDLFile>
<createdBy>carlostrejo</createdBy>
<createdTime>2015-07-06 20:05:15 UTC</createdTime>
<ownerDesignName>nimblepm_datamodel</ownerDesignName>
<importedID>B6D2C313-7F64-0385-0017-77CD9D8949B8</importedID>
<nullsAllowed>true</nullsAllowed>
<use>0</use>
<logicalDatatype>LOGDT019</logicalDatatype>
<domain>6E70DE84-56EA-FD55-C31F-555863DF8645</domain>
<delegate>CB980339-AA8F-55D9-6240-9AB133B9CA2C</delegate>
<autoIncrementCycle>false</autoIncrementCycle>
<associations>
<colAssociation fkAssociation="AADD14D5-0A7D-9922-D4C3-DC60C3EF80EF" referredColumn="CB980339-AA8F-55D9-6240-9AB133B9CA2C"/>
</associations>
</Column>
<Column name="NPM_CONTACT_CONTACT_ID" id="FC2FC1E9-76C0-946E-119C-19CE541EC93C">
<sourceDDLFile>schema_test.sql</sourceDDLFile>
<createdBy>carlostrejo</createdBy>
<createdTime>2015-07-06 20:05:15 UTC</createdTime>
<ownerDesignName>nimblepm_datamodel</ownerDesignName>
<importedID>1D4CA86D-D364-E126-E741-0E8635BA88B0</importedID>
<nullsAllowed>true</nullsAllowed>
<use>0</use>
<logicalDatatype>LOGDT019</logicalDatatype>
<domain>6E70DE84-56EA-FD55-C31F-555863DF8645</domain>
<delegate>5DACEFBB-3C84-0896-7809-4F3BB4039606</delegate>
<autoIncrementCycle>false</autoIncrementCycle>
<associations>
<colAssociation fkAssociation="AB72CC42-3BC0-90EA-5BE2-2A50A76F2665" referredColumn="5DACEFBB-3C84-0896-7809-4F3BB4039606"/>
</associations>
</Column>
<Column name="NPM_CONTACT_CONTACT_ID1" id="790560E0-6B3F-AE73-D7CD-F9685C3A37AA">
<sourceDDLFile>schema_test.sql</sourceDDLFile>
<createdBy>carlostrejo</createdBy>
<createdTime>2015-07-06 20:05:15 UTC</createdTime>
<ownerDesignName>nimblepm_datamodel</ownerDesignName>
<importedID>9FABD0B6-AA08-47AC-FDEE-D08978EE49B3</importedID>
<nullsAllowed>true</nullsAllowed>
<use>0</use>
<logicalDatatype>LOGDT019</logicalDatatype>
<domain>6E70DE84-56EA-FD55-C31F-555863DF8645</domain>
<delegate>5DACEFBB-3C84-0896-7809-4F3BB4039606</delegate>
<autoIncrementCycle>false</autoIncrementCycle>
<associations>
<colAssociation fkAssociation="B8B11CA3-1FBE-CB7C-068D-2886601AC5D7" referredColumn="5DACEFBB-3C84-0896-7809-4F3BB4039606"/>
</associations>
</Column>
<Column name="REVIEWED_BY" id="94E7D678-4059-D4C3-0762-1F18A9A44B74">
<sourceDDLFile>schema_test.sql</sourceDDLFile>
<createdBy>carlostrejo</createdBy>
<createdTime>2015-07-06 20:05:15 UTC</createdTime>
<ownerDesignName>nimblepm_datamodel</ownerDesignName>
<importedID>86AFD536-1834-15D9-1722-C48CB3796ECF</importedID>
<nullsAllowed>true</nullsAllowed>
<use>0</use>
<logicalDatatype>LOGDT024</logicalDatatype>
<domain>7E51CB4D-A07B-E66A-8DC9-0D18B39394C4</domain>
<autoIncrementCycle>false</autoIncrementCycle>
</Column>
<Column name="SIGNED_BY" id="8306E59E-C603-2F0C-41DC-F729BA440282">
<sourceDDLFile>schema_test.sql</sourceDDLFile>
<createdBy>carlostrejo</createdBy>
<createdTime>2015-07-06 20:05:15 UTC</createdTime>
<ownerDesignName>nimblepm_datamodel</ownerDesignName>
<importedID>DAC2D472-AAA9-1ADD-5D47-1EC0C2D3A6C4</importedID>
<nullsAllowed>true</nullsAllowed>
<use>0</use>
<logicalDatatype>LOGDT024</logicalDatatype>
<domain>7E51CB4D-A07B-E66A-8DC9-0D18B39394C4</domain>
<autoIncrementCycle>false</autoIncrementCycle>
</Column>
<Column name="ONGOING" id="9A923E46-9E30-F4E8-1F9E-21B65E88E232">
<sourceDDLFile>schema_test.sql</sourceDDLFile>
<createdBy>carlostrejo</createdBy>
<createdTime>2015-07-06 20:05:15 UTC</createdTime>
<ownerDesignName>nimblepm_datamodel</ownerDesignName>
<importedID>A954A733-FF2A-7FE0-8856-E852D43EE2A7</importedID>
<nullsAllowed>true</nullsAllowed>
<use>0</use>
<logicalDatatype>LOGDT025</logicalDatatype>
<domain>4CF51755-AC55-E0E1-CFCB-EDAD2EBE0256</domain>
<autoIncrementCycle>false</autoIncrementCycle>
</Column>
<Column name="FOREIGN" id="31A81360-3DB3-99D9-5DBA-57B9FAB9F6FC">
<sourceDDLFile>schema_test.sql</sourceDDLFile>
<createdBy>carlostrejo</createdBy>
<createdTime>2015-07-06 20:05:15 UTC</createdTime>
<ownerDesignName>nimblepm_datamodel</ownerDesignName>
<importedID>20BD4354-11B2-DBCC-5096-A15B26483147</importedID>
<nullsAllowed>true</nullsAllowed>
<use>0</use>
<logicalDatatype>LOGDT025</logicalDatatype>
<domain>4CF51755-AC55-E0E1-CFCB-EDAD2EBE0256</domain>
<autoIncrementCycle>false</autoIncrementCycle>
</Column>
<Column name="PARENT" id="08F49AF8-9610-3867-71F4-07A6242267F6">
<sourceDDLFile>schema_test.sql</sourceDDLFile>
<createdBy>carlostrejo</createdBy>
<createdTime>2015-07-06 20:05:15 UTC</createdTime>
<ownerDesignName>nimblepm_datamodel</ownerDesignName>
<importedID>3D35CB56-FC68-BDF5-75EC-0B1F492C0271</importedID>
<nullsAllowed>true</nullsAllowed>
<use>0</use>
<logicalDatatype>LOGDT019</logicalDatatype>
<domain>C8577EE6-87BA-51C0-5FCF-5431C1329AB0</domain>
<autoIncrementCycle>false</autoIncrementCycle>
</Column>
<Column name="VERSION" id="CBD2359B-B36C-D3D2-DEE4-959E8BE5DE29">
<sourceDDLFile>schema_test.sql</sourceDDLFile>
<createdBy>carlostrejo</createdBy>
<createdTime>2015-07-06 20:05:15 UTC</createdTime>
<ownerDesignName>nimblepm_datamodel</ownerDesignName>
<importedID>8FF3B46D-BFC9-3B3D-5BF6-307F301B32EA</importedID>
<nullsAllowed>true</nullsAllowed>
<use>0</use>
<logicalDatatype>LOGDT024</logicalDatatype>
<domain>2CABDCE7-5F3F-593E-8DE4-BE421A19D017</domain>
<autoIncrementCycle>false</autoIncrementCycle>
</Column>
<Column name="TYPE" id="AE77404E-108E-AD5B-F8C7-A45F1C7B3927">
<sourceDDLFile>schema_test.sql</sourceDDLFile>
<createdBy>carlostrejo</createdBy>
<createdTime>2015-07-06 20:05:15 UTC</createdTime>
<ownerDesignName>nimblepm_datamodel</ownerDesignName>
<importedID>4B2CF718-E65D-9548-9BDE-EBFC278F02A5</importedID>
<nullsAllowed>true</nullsAllowed>
<use>0</use>
<logicalDatatype>LOGDT024</logicalDatatype>
<domain>C0F6616F-EB8D-78B0-4B50-B64CB86F23A6</domain>
<autoIncrementCycle>false</autoIncrementCycle>
</Column>
<Column name="FINAL" id="CEB239D7-6D51-A1F2-B7E9-572DF6FDD75D">
<sourceDDLFile>schema_test.sql</sourceDDLFile>
<createdBy>carlostrejo</createdBy>
<createdTime>2015-07-06 20:05:15 UTC</createdTime>
<ownerDesignName>nimblepm_datamodel</ownerDesignName>
<importedID>3C523E38-898E-96E7-4586-A5ED0FE67165</importedID>
<nullsAllowed>true</nullsAllowed>
<use>0</use>
<logicalDatatype>LOGDT025</logicalDatatype>
<domain>4CF51755-AC55-E0E1-CFCB-EDAD2EBE0256</domain>
<autoIncrementCycle>false</autoIncrementCycle>
</Column>
<Column name="NOTE" id="88C87DB0-3327-E469-54DB-CE64B83269E2">
<sourceDDLFile>schema_test.sql</sourceDDLFile>
<createdBy>carlostrejo</createdBy>
<createdTime>2015-07-06 20:05:15 UTC</createdTime>
<ownerDesignName>nimblepm_datamodel</ownerDesignName>
<importedID>1AE79C5D-F9B8-A5BA-B7A9-15B6F230B47F</importedID>
<nullsAllowed>true</nullsAllowed>
<use>0</use>
<logicalDatatype>LOGDT028</logicalDatatype>
<domain>AE929917-8192-6AE8-4F74-4B918398916A</domain>
<autoIncrementCycle>false</autoIncrementCycle>
</Column>
<Column name="NPM_CONTACT_CONTACT_ID2" id="D3A99C58-04F9-CECA-F65C-EDF18A378C64">
<sourceDDLFile>schema_test.sql</sourceDDLFile>
<createdBy>carlostrejo</createdBy>
<createdTime>2015-07-06 20:05:15 UTC</createdTime>
<ownerDesignName>nimblepm_datamodel</ownerDesignName>
<importedID>6CFA958D-48E0-C412-7252-EB974E4655EA</importedID>
<nullsAllowed>true</nullsAllowed>
<use>0</use>
<logicalDatatype>LOGDT019</logicalDatatype>
<domain>6E70DE84-56EA-FD55-C31F-555863DF8645</domain>
<delegate>5DACEFBB-3C84-0896-7809-4F3BB4039606</delegate>
<autoIncrementCycle>false</autoIncrementCycle>
<associations>
<colAssociation fkAssociation="4667CBFD-A2D8-5249-E1FF-3AE73ACB5A76" referredColumn="5DACEFBB-3C84-0896-7809-4F3BB4039606"/>
</associations>
</Column>
<Column name="NPM_FORMER_NAME_NAME_ID" id="87777594-1C9F-A84C-5BBC-82DDDF03D2DF">
<sourceDDLFile>schema_test.sql</sourceDDLFile>
<createdBy>carlostrejo</createdBy>
<createdTime>2015-07-06 20:05:15 UTC</createdTime>
<ownerDesignName>nimblepm_datamodel</ownerDesignName>
<importedID>8C0331D4-BCBC-E355-4FF8-C314FFE7899B</importedID>
<nullsAllowed>true</nullsAllowed>
<use>0</use>
<logicalDatatype>LOGDT019</logicalDatatype>
<domain>C8577EE6-87BA-51C0-5FCF-5431C1329AB0</domain>
<delegate>C322D4CF-D5AD-B2B2-28D5-578A26B249C9</delegate>
<autoIncrementCycle>false</autoIncrementCycle>
<associations>
<colAssociation fkAssociation="FAD7E06B-6C3A-06AB-C14F-B759542C8C5C" referredColumn="C322D4CF-D5AD-B2B2-28D5-578A26B249C9"/>
</associations>
</Column>
<Column name="NPM_FORMER_NAME_NAME_ID2" id="B5D34811-F3C2-12A7-0B30-9EF05161B5E0">
<sourceDDLFile>schema_test.sql</sourceDDLFile>
<createdBy>carlostrejo</createdBy>
<createdTime>2015-07-06 20:05:15 UTC</createdTime>
<ownerDesignName>nimblepm_datamodel</ownerDesignName>
<importedID>E301A0D0-7BDB-E1BD-A942-08FCAE136D8A</importedID>
<nullsAllowed>true</nullsAllowed>
<use>0</use>
<logicalDatatype>LOGDT019</logicalDatatype>
<domain>C8577EE6-87BA-51C0-5FCF-5431C1329AB0</domain>
<delegate>C322D4CF-D5AD-B2B2-28D5-578A26B249C9</delegate>
<autoIncrementCycle>false</autoIncrementCycle>
<associations>
<colAssociation fkAssociation="785AB2DC-2D1D-904B-8E75-07B5C200C81F" referredColumn="C322D4CF-D5AD-B2B2-28D5-578A26B249C9"/>
</associations>
</Column>
<Column name="DATE_ACCESSED" id="31FFD7E4-352A-933E-EF85-A10DD9957DE0">
<sourceDDLFile>schema_test.sql</sourceDDLFile>
<createdBy>carlostrejo</createdBy>
<createdTime>2015-07-06 20:05:15 UTC</createdTime>
<ownerDesignName>nimblepm_datamodel</ownerDesignName>
<importedID>23D5B335-DA26-7043-6C9D-FA2C17A02351</importedID>
<nullsAllowed>true</nullsAllowed>
<use>0</use>
<logicalDatatype>LOGDT007</logicalDatatype>
<domain>C088B010-3073-E8C9-16B8-732C8FDC687F</domain>
<autoIncrementCycle>false</autoIncrementCycle>
</Column>
<Column name="VERSION_PARENT" id="1626A0BD-6979-42D5-3CD7-8C12B2AC59DD">
<sourceDDLFile>schema_test.sql</sourceDDLFile>
<createdBy>carlostrejo</createdBy>
<createdTime>2015-07-06 20:05:15 UTC</createdTime>
<ownerDesignName>nimblepm_datamodel</ownerDesignName>
<importedID>19F5CC00-82B6-CEB9-8D9D-5CCC9E4AA513</importedID>
<nullsAllowed>true</nullsAllowed>
<use>0</use>
<logicalDatatype>LOGDT019</logicalDatatype>
<domain>6E70DE84-56EA-FD55-C31F-555863DF8645</domain>
<autoIncrementCycle>false</autoIncrementCycle>
</Column>
<Column name="AGREEMENT_PARENT" id="59359F97-5922-375F-76E8-71FFE5C359C2">
<sourceDDLFile>schema_test.sql</sourceDDLFile>
<createdBy>carlostrejo</createdBy>
<createdTime>2015-07-06 20:05:15 UTC</createdTime>
<ownerDesignName>nimblepm_datamodel</ownerDesignName>
<importedID>70E3FD0F-10F6-5449-7F82-82EF9C3FCD3C</importedID>
<nullsAllowed>true</nullsAllowed>
<use>0</use>
<logicalDatatype>LOGDT019</logicalDatatype>
<domain>6E70DE84-56EA-FD55-C31F-555863DF8645</domain>
<autoIncrementCycle>false</autoIncrementCycle>
</Column>
<Column name="DATE_ACCESSED_1" id="6E8F935C-68F4-58EC-FDBB-2748F6C804EB">
<sourceDDLFile>schema_test.sql</sourceDDLFile>
<createdBy>carlostrejo</createdBy>
<createdTime>2015-07-06 20:05:15 UTC</createdTime>
<ownerDesignName>nimblepm_datamodel</ownerDesignName>
<importedID>A98DC0DF-2821-19BE-C479-9B4D81D8904D</importedID>
<nullsAllowed>true</nullsAllowed>
<use>0</use>
<logicalDatatype>LOGDT007</logicalDatatype>
<domain>C088B010-3073-E8C9-16B8-732C8FDC687F</domain>
<autoIncrementCycle>false</autoIncrementCycle>
</Column>
<Column name="ALIAS" id="33A43DFD-F58A-BECD-40CD-87943B3539FE">
<sourceDDLFile>schema_test.sql</sourceDDLFile>
<createdBy>carlostrejo</createdBy>
<createdTime>2015-07-06 20:05:15 UTC</createdTime>
<ownerDesignName>nimblepm_datamodel</ownerDesignName>
<importedID>8A16E8AB-34FD-C565-F1B0-53E83F1EEDCB</importedID>
<nullsAllowed>true</nullsAllowed>
<use>0</use>
<logicalDatatype>LOGDT024</logicalDatatype>
<domain>DA6AA42C-5EA2-523E-AA7A-E661681A9C91</domain>
<autoIncrementCycle>false</autoIncrementCycle>
</Column>
<Column name="ASSIGNED_TO" id="7EB89621-5E66-6B35-9A7A-587F6BA8B3F9">
<sourceDDLFile>schema_test.sql</sourceDDLFile>
<createdBy>carlostrejo</createdBy>
<createdTime>2015-07-06 20:05:15 UTC</createdTime>
<ownerDesignName>nimblepm_datamodel</ownerDesignName>
<importedID>EF846F74-F18C-E9E8-4AC2-32C564F420E5</importedID>
<nullsAllowed>true</nullsAllowed>
<use>0</use>
<logicalDatatype>LOGDT024</logicalDatatype>
<domain>DA6AA42C-5EA2-523E-AA7A-E661681A9C91</domain>
<autoIncrementCycle>false</autoIncrementCycle>
</Column>
<Column name="AUTHOR" id="39143A4A-573D-F229-D569-00584243950A">
<sourceDDLFile>schema_test.sql</sourceDDLFile>
<createdBy>carlostrejo</createdBy>
<createdTime>2015-07-06 20:05:15 UTC</createdTime>
<ownerDesignName>nimblepm_datamodel</ownerDesignName>
<importedID>216D3661-74F7-9437-3863-AB76DF2B2F2D</importedID>
<nullsAllowed>true</nullsAllowed>
<use>0</use>
<logicalDatatype>LOGDT024</logicalDatatype>
<domain>F170F3D4-FEC9-02E2-4297-7B9F9D02D34E</domain>
<autoIncrementCycle>false</autoIncrementCycle>
</Column>
<Column name="PROPERTY_ID" id="2D395C5D-7D77-04EE-A156-57FDB4026B77">
<sourceDDLFile>schema_test.sql</sourceDDLFile>
<createdBy>carlostrejo</createdBy>
<createdTime>2015-07-06 20:05:15 UTC</createdTime>
<ownerDesignName>nimblepm_datamodel</ownerDesignName>
<importedID>4D8CD048-7AA3-19A0-33D3-1F3461790A4C</importedID>
<nullsAllowed>true</nullsAllowed>
<use>0</use>
<logicalDatatype>LOGDT019</logicalDatatype>
<domain>6E70DE84-56EA-FD55-C31F-555863DF8645</domain>
<autoIncrementCycle>false</autoIncrementCycle>
</Column>
<Column name="VERSION_DATE" id="7E5E57D8-21FB-361C-C526-99804EC3A4C7">
<sourceDDLFile>schema_test.sql</sourceDDLFile>
<createdBy>carlostrejo</createdBy>
<createdTime>2015-07-06 20:05:15 UTC</createdTime>
<ownerDesignName>nimblepm_datamodel</ownerDesignName>
<importedID>D7B00C30-1C3E-31A5-07D9-BC26E8D06D53</importedID>
<nullsAllowed>true</nullsAllowed>
<use>0</use>
<logicalDatatype>LOGDT007</logicalDatatype>
<domain>C088B010-3073-E8C9-16B8-732C8FDC687F</domain>
<autoIncrementCycle>false</autoIncrementCycle>
</Column>
<Column name="CREATED" id="92546ED3-0114-4E3A-3A3A-D7F5226079CA">
<sourceDDLFile>schema_test.sql</sourceDDLFile>
<createdBy>carlostrejo</createdBy>
<createdTime>2015-07-06 20:05:15 UTC</createdTime>
<ownerDesignName>nimblepm_datamodel</ownerDesignName>
<importedID>C5B88BD9-ACE3-405A-FD61-64D82C4D85EC</importedID>
<nullsAllowed>true</nullsAllowed>
<use>0</use>
<logicalDatatype>LOGDT007</logicalDatatype>
<domain>C088B010-3073-E8C9-16B8-732C8FDC687F</domain>
<autoIncrementCycle>false</autoIncrementCycle>
</Column>
<Column name="CREATED_BY" id="E8BF6D3D-8648-8A4A-11AE-55A9044DBBB4">
<sourceDDLFile>schema_test.sql</sourceDDLFile>
<createdBy>carlostrejo</createdBy>
<createdTime>2015-07-06 20:05:15 UTC</createdTime>
<ownerDesignName>nimblepm_datamodel</ownerDesignName>
<importedID>B8885726-023A-4C47-9160-A8F1E464AAD2</importedID>
<nullsAllowed>true</nullsAllowed>
<use>0</use>
<logicalDatatype>LOGDT024</logicalDatatype>
<domain>A66AF118-C268-14CE-8F42-978DAE668674</domain>
<autoIncrementCycle>false</autoIncrementCycle>
</Column>
<Column name="ROW_VERSION_NUMBER" id="3C4EAC58-7F4D-403C-5016-AC1AAABA9B79">
<sourceDDLFile>schema_test.sql</sourceDDLFile>
<createdBy>carlostrejo</createdBy>
<createdTime>2015-07-06 20:05:15 UTC</createdTime>
<ownerDesignName>nimblepm_datamodel</ownerDesignName>
<importedID>C80039E9-4CB2-CA8E-41D7-ABE89273CF4C</importedID>
<nullsAllowed>true</nullsAllowed>
<use>0</use>
<logicalDatatype>LOGDT019</logicalDatatype>
<domain>6E70DE84-56EA-FD55-C31F-555863DF8645</domain>
<autoIncrementCycle>false</autoIncrementCycle>
</Column>
<Column name="UPDATED" id="2D3A2633-A7EA-29E4-04D0-96F5C11D5E53">
<sourceDDLFile>schema_test.sql</sourceDDLFile>
<createdBy>carlostrejo</createdBy>
<createdTime>2015-07-06 20:05:15 UTC</createdTime>
<ownerDesignName>nimblepm_datamodel</ownerDesignName>
<importedID>43F26DD9-A0F0-BE16-89C4-BEE90238E005</importedID>
<nullsAllowed>true</nullsAllowed>
<use>0</use>
<logicalDatatype>LOGDT007</logicalDatatype>
<domain>C088B010-3073-E8C9-16B8-732C8FDC687F</domain>
<autoIncrementCycle>false</autoIncrementCycle>
</Column>
<Column name="UPDATED_BY" id="5545A5D6-FE68-F566-A9E6-E3402B9D5EAD">
<sourceDDLFile>schema_test.sql</sourceDDLFile>
<createdBy>carlostrejo</createdBy>
<createdTime>2015-07-06 20:05:15 UTC</createdTime>
<ownerDesignName>nimblepm_datamodel</ownerDesignName>
<importedID>E63CE218-76D8-DE0D-395E-F898617FD372</importedID>
<nullsAllowed>true</nullsAllowed>
<use>0</use>
<logicalDatatype>LOGDT024</logicalDatatype>
<domain>A66AF118-C268-14CE-8F42-978DAE668674</domain>
<autoIncrementCycle>false</autoIncrementCycle>
</Column>
</columns>
<indexes itemClass="oracle.dbtools.crest.model.design.relational.Index">
<ind_PK_UK id="FE821026-D4CC-DA9D-8593-36289F7FBCD3" name="NPM_AGREEMENTS_PK">
<sourceDDLFile>schema_test.sql</sourceDDLFile>
<createdBy>carlostrejo</createdBy>
<createdTime>2015-07-06 20:05:15 UTC</createdTime>
<ownerDesignName>nimblepm_datamodel</ownerDesignName>
<importedID>DCD317EF-A2DD-0ABF-5FEB-A65965ECB23F</importedID>
<pk>true</pk>
<indexState>Primary Constraint</indexState>
<isSurrogateKey>false</isSurrogateKey>
<indexColumnUsage>
<colUsage columnID="8BADAEAB-E370-6632-2D8C-AF2AC56DC07B"/>
</indexColumnUsage>
</ind_PK_UK>
<ind_PK_UK id="B56D3FBB-6C90-C37C-FC4B-8896561FEB44" name="DEPARTMENT_ID_FK_21">
<sourceDDLFile>schema_test.sql</sourceDDLFile>
<createdBy>carlostrejo</createdBy>
<createdTime>2015-07-06 20:05:15 UTC</createdTime>
<ownerDesignName>nimblepm_datamodel</ownerDesignName>
<importedID>B21618F4-A18A-4B92-A3F6-64417BA144FE</importedID>
<isSurrogateKey>false</isSurrogateKey>
<indexColumnUsage>
<colUsage columnID="7177E528-4797-CE37-20D2-F06772D3674E"/>
</indexColumnUsage>
</ind_PK_UK>
<ind_PK_UK id="22270BA5-9C9B-8F04-1F7F-DB962C158F6F" name="DEPT_CONTACT_ADMIN_ID_FK_23">
<sourceDDLFile>schema_test.sql</sourceDDLFile>
<createdBy>carlostrejo</createdBy>
<createdTime>2015-07-06 20:05:15 UTC</createdTime>
<ownerDesignName>nimblepm_datamodel</ownerDesignName>
<importedID>53803B3A-F9F2-23C0-6B28-8822FEF82BFE</importedID>
<isSurrogateKey>false</isSurrogateKey>
<indexColumnUsage>
<colUsage columnID="790560E0-6B3F-AE73-D7CD-F9685C3A37AA"/>
</indexColumnUsage>
</ind_PK_UK>
<ind_PK_UK id="6163EEEF-EF15-D396-03E4-EF5ACB3C7A91" name="DEPT_CONTACT_ID_FK_24">
<sourceDDLFile>schema_test.sql</sourceDDLFile>
<createdBy>carlostrejo</createdBy>
<createdTime>2015-07-06 20:05:15 UTC</createdTime>
<ownerDesignName>nimblepm_datamodel</ownerDesignName>
<importedID>2D0A28D8-08BC-0439-09D4-063DD5B69955</importedID>
<isSurrogateKey>false</isSurrogateKey>
<indexColumnUsage>
<colUsage columnID="FC2FC1E9-76C0-946E-119C-19CE541EC93C"/>
</indexColumnUsage>
</ind_PK_UK>
<ind_PK_UK id="D23917DA-3996-8F04-8C33-08A27A6C2605" name="DEPT_FORMER_NAME_ID_FK_14">
<sourceDDLFile>schema_test.sql</sourceDDLFile>
<createdBy>carlostrejo</createdBy>
<createdTime>2015-07-06 20:05:15 UTC</createdTime>
<ownerDesignName>nimblepm_datamodel</ownerDesignName>
<importedID>E1DFE509-F18C-1E1C-E7B2-56D090C922C6</importedID>
<isSurrogateKey>false</isSurrogateKey>
<indexColumnUsage>
<colUsage columnID="B5D34811-F3C2-12A7-0B30-9EF05161B5E0"/>
</indexColumnUsage>
</ind_PK_UK>
<ind_PK_UK id="0C6F951E-A50B-B28E-8A6C-DCA9471904BF" name="NPM_AGREEMENTS__IDX">
<sourceDDLFile>schema_test.sql</sourceDDLFile>
<createdBy>carlostrejo</createdBy>
<createdTime>2015-07-06 20:05:15 UTC</createdTime>
<ownerDesignName>nimblepm_datamodel</ownerDesignName>
<importedID>363976FF-742D-7F19-AEA8-29AA00264B52</importedID>
<indexState>Unique Plain Index</indexState>
<isSurrogateKey>false</isSurrogateKey>
<indexColumnUsage>
<colUsage columnID="2D395C5D-7D77-04EE-A156-57FDB4026B77"/>
</indexColumnUsage>
</ind_PK_UK>
<ind_PK_UK id="1C23D832-91EF-B57D-BA17-2014F8651E46" name="VENDOR_CONTACT_ID_FK_11">
<sourceDDLFile>schema_test.sql</sourceDDLFile>
<createdBy>carlostrejo</createdBy>
<createdTime>2015-07-06 20:05:15 UTC</createdTime>
<ownerDesignName>nimblepm_datamodel</ownerDesignName>
<importedID>A7F33161-501B-8B4A-BE0C-1D65C570AA67</importedID>
<isSurrogateKey>false</isSurrogateKey>
<indexColumnUsage>
<colUsage columnID="D3A99C58-04F9-CECA-F65C-EDF18A378C64"/>
</indexColumnUsage>
</ind_PK_UK>
<ind_PK_UK id="B21BF5BB-3F74-A4C6-37AB-B47CE9B71BC2" name="VENDOR_ID_FK_27">
<sourceDDLFile>schema_test.sql</sourceDDLFile>
<createdBy>carlostrejo</createdBy>
<createdTime>2015-07-06 20:05:15 UTC</createdTime>
<ownerDesignName>nimblepm_datamodel</ownerDesignName>
<importedID>F37AB3B3-D4ED-B3EF-C66F-A692681948BB</importedID>
<isSurrogateKey>false</isSurrogateKey>
<indexColumnUsage>
<colUsage columnID="29DC1A11-30D7-E335-08B5-D9FE738B2608"/>
</indexColumnUsage>
</ind_PK_UK>
<ind_PK_UK id="72E74EB7-FC33-3A97-4682-202D073BDCE8" name="VEN_FORMER_NAME_ID_FK_13">
<sourceDDLFile>schema_test.sql</sourceDDLFile>
<createdBy>carlostrejo</createdBy>
<createdTime>2015-07-06 20:05:15 UTC</createdTime>
<ownerDesignName>nimblepm_datamodel</ownerDesignName>
<importedID>4A5EA172-2FC0-48A4-BF2A-CE547C7A668C</importedID>
<isSurrogateKey>false</isSurrogateKey>
<indexColumnUsage>
<colUsage columnID="87777594-1C9F-A84C-5BBC-82DDDF03D2DF"/>
</indexColumnUsage>
</ind_PK_UK>
<ind_PK_UK id="65839A19-FDA6-2671-5103-8290CA440E10" name="NPM_AGREEMENTS_NPM_CONTACT_FK">
<createdBy>carlostrejo</createdBy>
<createdTime>2015-07-06 20:05:15 UTC</createdTime>
<ownerDesignName>nimblepm_datamodel</ownerDesignName>
<indexState>Foreign Key</indexState>
<isSurrogateKey>false</isSurrogateKey>
<indexColumnUsage>
<colUsage columnID="D3A99C58-04F9-CECA-F65C-EDF18A378C64"/>
</indexColumnUsage>
</ind_PK_UK>
<ind_PK_UK id="5841694E-34DE-147F-95D9-C6904259C567" name="NPM_AGREEMENTS_NPM_FORMER_NAME_FK">
<createdBy>carlostrejo</createdBy>
<createdTime>2015-07-06 20:05:15 UTC</createdTime>
<ownerDesignName>nimblepm_datamodel</ownerDesignName>
<indexState>Foreign Key</indexState>
<isSurrogateKey>false</isSurrogateKey>
<indexColumnUsage>
<colUsage columnID="87777594-1C9F-A84C-5BBC-82DDDF03D2DF"/>
</indexColumnUsage>
</ind_PK_UK>
<ind_PK_UK id="03828FC8-FAC7-8158-1A8C-ED3C4E7D2CAB" name="NPM_AGREEMENTS_NPM_FORMER_NAME_FKv2">
<createdBy>carlostrejo</createdBy>
<createdTime>2015-07-06 20:05:15 UTC</createdTime>
<ownerDesignName>nimblepm_datamodel</ownerDesignName>
<indexState>Foreign Key</indexState>
<isSurrogateKey>false</isSurrogateKey>
<indexColumnUsage>
<colUsage columnID="B5D34811-F3C2-12A7-0B30-9EF05161B5E0"/>
</indexColumnUsage>
</ind_PK_UK>
<ind_PK_UK id="7160BEEA-1F92-97EE-77B4-830616FC42BD" name="NPM_AGREEMENTS_NPM_DEPARTMENT_FK">
<createdBy>carlostrejo</createdBy>
<createdTime>2015-07-06 20:05:15 UTC</createdTime>
<ownerDesignName>nimblepm_datamodel</ownerDesignName>
<indexState>Foreign Key</indexState>
<isSurrogateKey>false</isSurrogateKey>
<indexColumnUsage>
<colUsage columnID="7177E528-4797-CE37-20D2-F06772D3674E"/>
</indexColumnUsage>
</ind_PK_UK>
<ind_PK_UK id="59F7651E-BE6B-98CD-36F0-B9849961F796" name="NPM_AGREEMENTS_NPM_CONTACT_FKv1">
<createdBy>carlostrejo</createdBy>
<createdTime>2015-07-06 20:05:15 UTC</createdTime>
<ownerDesignName>nimblepm_datamodel</ownerDesignName>
<indexState>Foreign Key</indexState>
<isSurrogateKey>false</isSurrogateKey>
<indexColumnUsage>
<colUsage columnID="790560E0-6B3F-AE73-D7CD-F9685C3A37AA"/>
</indexColumnUsage>
</ind_PK_UK>
<ind_PK_UK id="B6386830-F62D-C2A7-EAB0-92282CC581BD" name="NPM_AGREEMENTS_NPM_CONTACT_FKv2">
<createdBy>carlostrejo</createdBy>
<createdTime>2015-07-06 20:05:15 UTC</createdTime>
<ownerDesignName>nimblepm_datamodel</ownerDesignName>
<indexState>Foreign Key</indexState>
<isSurrogateKey>false</isSurrogateKey>
<indexColumnUsage>
<colUsage columnID="FC2FC1E9-76C0-946E-119C-19CE541EC93C"/>
</indexColumnUsage>
</ind_PK_UK>
<ind_PK_UK id="3B858296-846C-098E-6DEC-E4562EA5E972" name="NPM_AGREEMENTS_NPM_VENDOR_FK">
<createdBy>carlostrejo</createdBy>
<createdTime>2015-07-06 20:05:15 UTC</createdTime>
<ownerDesignName>nimblepm_datamodel</ownerDesignName>
<indexState>Foreign Key</indexState>
<isSurrogateKey>false</isSurrogateKey>
<indexColumnUsage>
<colUsage columnID="29DC1A11-30D7-E335-08B5-D9FE738B2608"/>
</indexColumnUsage>
</ind_PK_UK>
</indexes>
</Table>