<?xml version = '1.0' encoding = 'UTF-8'?>
<Table class="oracle.dbtools.crest.model.design.relational.Table" directorySegmentName="seg_0" id="B9B7CAD7-91AC-4157-DFD3-DC11526EAE8F" name="NPM_VENDOR">
<sourceDDLFile>schema_test.sql</sourceDDLFile>
<createdBy>carlostrejo</createdBy>
<createdTime>2015-07-06 20:05:15 UTC</createdTime>
<ownerDesignName>nimblepm_datamodel</ownerDesignName>
<importedID>1BAA367C-6535-4C2B-1E46-9DF3A9F8642C</importedID>
<allowColumnReorder>false</allowColumnReorder>
<existDependencyGenerateInDDl>true</existDependencyGenerateInDDl>
<columns itemClass="oracle.dbtools.crest.model.design.relational.Column">
<Column name="VENDOR_ID" id="CB980339-AA8F-55D9-6240-9AB133B9CA2C">
<sourceDDLFile>schema_test.sql</sourceDDLFile>
<createdBy>carlostrejo</createdBy>
<createdTime>2015-07-06 20:05:15 UTC</createdTime>
<ownerDesignName>nimblepm_datamodel</ownerDesignName>
<importedID>029D3C33-3B5C-EA9A-CA6A-F979F806E3BE</importedID>
<use>0</use>
<logicalDatatype>LOGDT019</logicalDatatype>
<domain>6E70DE84-56EA-FD55-C31F-555863DF8645</domain>
<autoIncrementCycle>false</autoIncrementCycle>
</Column>
<Column name="NPM_FORMER_NAME_NAME_ID" id="11131B2C-D866-85DD-C5FD-B5A8C7C153E8">
<sourceDDLFile>schema_test.sql</sourceDDLFile>
<createdBy>carlostrejo</createdBy>
<createdTime>2015-07-06 20:05:15 UTC</createdTime>
<ownerDesignName>nimblepm_datamodel</ownerDesignName>
<importedID>58BA95DE-D524-B9ED-EBB8-CFCD79C5F303</importedID>
<nullsAllowed>true</nullsAllowed>
<use>0</use>
<logicalDatatype>LOGDT019</logicalDatatype>
<domain>C8577EE6-87BA-51C0-5FCF-5431C1329AB0</domain>
<delegate>C322D4CF-D5AD-B2B2-28D5-578A26B249C9</delegate>
<autoIncrementCycle>false</autoIncrementCycle>
<associations>
<colAssociation fkAssociation="BA46D40D-E92E-DE63-C39A-A60D12941929" referredColumn="C322D4CF-D5AD-B2B2-28D5-578A26B249C9"/>
</associations>
</Column>
<Column name="NAME" id="A9064938-5EF6-8CD7-1529-54EBC7330714">
<sourceDDLFile>schema_test.sql</sourceDDLFile>
<createdBy>carlostrejo</createdBy>
<createdTime>2015-07-06 20:05:15 UTC</createdTime>
<ownerDesignName>nimblepm_datamodel</ownerDesignName>
<importedID>E5199487-2B33-155A-7E98-150E4F6CC4EB</importedID>
<nullsAllowed>true</nullsAllowed>
<use>0</use>
<logicalDatatype>LOGDT024</logicalDatatype>
<domain>A66AF118-C268-14CE-8F42-978DAE668674</domain>
<autoIncrementCycle>false</autoIncrementCycle>
</Column>
<Column name="STREET_ADDRESS" id="70FF9F9A-8BD1-1EEC-41D0-CB69C8FCAA72">
<sourceDDLFile>schema_test.sql</sourceDDLFile>
<createdBy>carlostrejo</createdBy>
<createdTime>2015-07-06 20:05:15 UTC</createdTime>
<ownerDesignName>nimblepm_datamodel</ownerDesignName>
<importedID>B0B343DB-FF99-A2E6-A2B1-9178D33232F4</importedID>
<nullsAllowed>true</nullsAllowed>
<use>0</use>
<logicalDatatype>LOGDT024</logicalDatatype>
<domain>5D93529A-4050-F06F-56C7-1239EEBA553B</domain>
<autoIncrementCycle>false</autoIncrementCycle>
</Column>
<Column name="CITY" id="C76CA90C-B907-5B62-F4C2-10EFA120B57F">
<sourceDDLFile>schema_test.sql</sourceDDLFile>
<createdBy>carlostrejo</createdBy>
<createdTime>2015-07-06 20:05:15 UTC</createdTime>
<ownerDesignName>nimblepm_datamodel</ownerDesignName>
<importedID>2A79B473-FD8D-C720-84E3-A9A724F876F3</importedID>
<nullsAllowed>true</nullsAllowed>
<use>0</use>
<logicalDatatype>LOGDT024</logicalDatatype>
<domain>DA6AA42C-5EA2-523E-AA7A-E661681A9C91</domain>
<autoIncrementCycle>false</autoIncrementCycle>
</Column>
<Column name="STATE" id="9B30127C-CD33-2F14-E891-6BC0DEFB9CF0">
<sourceDDLFile>schema_test.sql</sourceDDLFile>
<createdBy>carlostrejo</createdBy>
<createdTime>2015-07-06 20:05:15 UTC</createdTime>
<ownerDesignName>nimblepm_datamodel</ownerDesignName>
<importedID>9637BA03-A349-51F6-3C36-89D28E9B4EB4</importedID>
<nullsAllowed>true</nullsAllowed>
<use>0</use>
<logicalDatatype>LOGDT024</logicalDatatype>
<domain>2CABDCE7-5F3F-593E-8DE4-BE421A19D017</domain>
<autoIncrementCycle>false</autoIncrementCycle>
</Column>
<Column name="COUNTRY" id="366328E8-27C2-CCDD-D72B-6BBA87ABA1BF">
<sourceDDLFile>schema_test.sql</sourceDDLFile>
<createdBy>carlostrejo</createdBy>
<createdTime>2015-07-06 20:05:15 UTC</createdTime>
<ownerDesignName>nimblepm_datamodel</ownerDesignName>
<importedID>E0522BC3-3FCE-DF27-645A-8EFED0E5D7B5</importedID>
<nullsAllowed>true</nullsAllowed>
<use>0</use>
<logicalDatatype>LOGDT024</logicalDatatype>
<domain>2EB8DE7D-C0F8-CE2E-E29B-27EFA9BAC344</domain>
<autoIncrementCycle>false</autoIncrementCycle>
</Column>
<Column name="CREATED" id="1F2C4F4B-2760-F19B-7468-F3EDA5A469DE">
<sourceDDLFile>schema_test.sql</sourceDDLFile>
<createdBy>carlostrejo</createdBy>
<createdTime>2015-07-06 20:05:15 UTC</createdTime>
<ownerDesignName>nimblepm_datamodel</ownerDesignName>
<importedID>9D593254-C937-4E94-EE75-0F6AF2927DC2</importedID>
<nullsAllowed>true</nullsAllowed>
<use>0</use>
<logicalDatatype>LOGDT007</logicalDatatype>
<domain>C088B010-3073-E8C9-16B8-732C8FDC687F</domain>
<autoIncrementCycle>false</autoIncrementCycle>
</Column>
<Column name="CREATED_BY" id="4A9A91E0-F9AE-94A0-05D1-A856AD728AA1">
<sourceDDLFile>schema_test.sql</sourceDDLFile>
<createdBy>carlostrejo</createdBy>
<createdTime>2015-07-06 20:05:15 UTC</createdTime>
<ownerDesignName>nimblepm_datamodel</ownerDesignName>
<importedID>F2ABEBCA-C25C-F6EB-5E5E-4944C764859E</importedID>
<nullsAllowed>true</nullsAllowed>
<use>0</use>
<logicalDatatype>LOGDT024</logicalDatatype>
<domain>A66AF118-C268-14CE-8F42-978DAE668674</domain>
<autoIncrementCycle>false</autoIncrementCycle>
</Column>
<Column name="ROW_VERSION_NUMBER" id="3594634C-AA1D-5855-8828-F68D461DFAB6">
<sourceDDLFile>schema_test.sql</sourceDDLFile>
<createdBy>carlostrejo</createdBy>
<createdTime>2015-07-06 20:05:15 UTC</createdTime>
<ownerDesignName>nimblepm_datamodel</ownerDesignName>
<importedID>31C043B6-1D0C-614E-39E5-743E99032528</importedID>
<nullsAllowed>true</nullsAllowed>
<use>0</use>
<logicalDatatype>LOGDT019</logicalDatatype>
<domain>6E70DE84-56EA-FD55-C31F-555863DF8645</domain>
<autoIncrementCycle>false</autoIncrementCycle>
</Column>
<Column name="UPDATED" id="165B7F78-A1CD-7923-9A75-ED53CC213890">
<sourceDDLFile>schema_test.sql</sourceDDLFile>
<createdBy>carlostrejo</createdBy>
<createdTime>2015-07-06 20:05:15 UTC</createdTime>
<ownerDesignName>nimblepm_datamodel</ownerDesignName>
<importedID>16B630E1-AAC0-A22B-748C-F591C252A305</importedID>
<nullsAllowed>true</nullsAllowed>
<use>0</use>
<logicalDatatype>LOGDT007</logicalDatatype>
<domain>C088B010-3073-E8C9-16B8-732C8FDC687F</domain>
<autoIncrementCycle>false</autoIncrementCycle>
</Column>
<Column name="UPDATED_BY" id="E3652418-1640-A8BE-4128-6AC32F8BAE1B">
<sourceDDLFile>schema_test.sql</sourceDDLFile>
<createdBy>carlostrejo</createdBy>
<createdTime>2015-07-06 20:05:15 UTC</createdTime>
<ownerDesignName>nimblepm_datamodel</ownerDesignName>
<importedID>31C66BF9-501A-1D58-5AD2-6C222F4F55A1</importedID>
<nullsAllowed>true</nullsAllowed>
<use>0</use>
<logicalDatatype>LOGDT024</logicalDatatype>
<domain>A66AF118-C268-14CE-8F42-978DAE668674</domain>
<autoIncrementCycle>false</autoIncrementCycle>
</Column>
</columns>
<indexes itemClass="oracle.dbtools.crest.model.design.relational.Index">
<ind_PK_UK id="82F718BF-6FE4-D3E0-0555-CBA1175167D8" name="NPM_VENDOR_PK">
<sourceDDLFile>schema_test.sql</sourceDDLFile>
<createdBy>carlostrejo</createdBy>
<createdTime>2015-07-06 20:05:15 UTC</createdTime>
<ownerDesignName>nimblepm_datamodel</ownerDesignName>
<importedID>04B97843-8293-D78B-FB6B-74D84DD68E35</importedID>
<pk>true</pk>
<indexState>Primary Constraint</indexState>
<isSurrogateKey>false</isSurrogateKey>
<indexColumnUsage>
<colUsage columnID="CB980339-AA8F-55D9-6240-9AB133B9CA2C"/>
</indexColumnUsage>
</ind_PK_UK>
<ind_PK_UK id="61514476-2823-BFE2-C501-FFAECCEBB669" name="CURRENT_NAME_ID_FK_35">
<sourceDDLFile>schema_test.sql</sourceDDLFile>
<createdBy>carlostrejo</createdBy>
<createdTime>2015-07-06 20:05:15 UTC</createdTime>
<ownerDesignName>nimblepm_datamodel</ownerDesignName>
<importedID>FA902D14-CA39-002A-2A3B-72E9DDA55264</importedID>
<isSurrogateKey>false</isSurrogateKey>
<indexColumnUsage>
<colUsage columnID="11131B2C-D866-85DD-C5FD-B5A8C7C153E8"/>
</indexColumnUsage>
</ind_PK_UK>
<ind_PK_UK id="512C59E5-9615-A993-7573-DE8E0A22EF09" name="NPM_VENDOR_NPM_FORMER_NAME_FK">
<createdBy>carlostrejo</createdBy>
<createdTime>2015-07-06 20:05:15 UTC</createdTime>
<ownerDesignName>nimblepm_datamodel</ownerDesignName>
<indexState>Foreign Key</indexState>
<isSurrogateKey>false</isSurrogateKey>
<indexColumnUsage>
<colUsage columnID="11131B2C-D866-85DD-C5FD-B5A8C7C153E8"/>
</indexColumnUsage>
</ind_PK_UK>
</indexes>
</Table>