<?xml version = '1.0' encoding = 'UTF-8'?>
<Table class="oracle.dbtools.crest.model.design.relational.Table" directorySegmentName="seg_0" id="BFDF726B-DB27-39D5-E036-2D1C55038DB0" name="NPM_PERSON">
<createdBy>carlostrejo</createdBy>
<createdTime>2015-07-16 20:55:05 UTC</createdTime>
<generatorID>78C81166-0010-B1C8-52C0-C9585978A3C6</generatorID>
<ownerDesignName>nimblepm_datamodel</ownerDesignName>
<allowColumnReorder>false</allowColumnReorder>
<existDependencyGenerateInDDl>true</existDependencyGenerateInDDl>
<columns itemClass="oracle.dbtools.crest.model.design.relational.Column">
<Column name="person_id" id="F6E4AA4F-BD26-03D4-D50B-9231A1DB00A9">
<createdBy>carlostrejo</createdBy>
<createdTime>2015-07-16 20:55:05 UTC</createdTime>
<generatorID>92154294-06C2-88DF-509B-D484DDDDBB97</generatorID>
<ownerDesignName>nimblepm_datamodel</ownerDesignName>
<useDomainConstraints>false</useDomainConstraints>
<use>1</use>
<logicalDatatype>LOGDT011</logicalDatatype>
<autoIncrementCycle>false</autoIncrementCycle>
</Column>
<Column name="type" id="A1FD1C26-0C91-00A3-5B9F-B09BF68828CB">
<createdBy>carlostrejo</createdBy>
<createdTime>2015-07-16 20:55:05 UTC</createdTime>
<generatorID>9F68E6B9-9C6A-D9DF-EA8D-8B92E7572C90</generatorID>
<ownerDesignName>nimblepm_datamodel</ownerDesignName>
<nullsAllowed>true</nullsAllowed>
<useDomainConstraints>false</useDomainConstraints>
<use>1</use>
<logicalDatatype>LOGDT024</logicalDatatype>
<dataTypeSize>255</dataTypeSize>
<autoIncrementCycle>false</autoIncrementCycle>
</Column>
<Column name="name" id="0F854771-44B7-6E44-169C-CCB47CC49486">
<createdBy>carlostrejo</createdBy>
<createdTime>2015-07-16 20:55:05 UTC</createdTime>
<generatorID>9F502AE2-F1C2-1916-133F-A95F549E8E7D</generatorID>
<ownerDesignName>nimblepm_datamodel</ownerDesignName>
<nullsAllowed>true</nullsAllowed>
<useDomainConstraints>false</useDomainConstraints>
<use>1</use>
<logicalDatatype>LOGDT024</logicalDatatype>
<dataTypeSize>255</dataTypeSize>
<autoIncrementCycle>false</autoIncrementCycle>
</Column>
<Column name="date" id="16884DFA-659E-A2B5-0BDC-BAF03C401D9C">
<createdBy>carlostrejo</createdBy>
<createdTime>2015-07-16 20:55:05 UTC</createdTime>
<generatorID>3B1E53A5-02CA-1D27-302F-9CD259BA47B1</generatorID>
<ownerDesignName>nimblepm_datamodel</ownerDesignName>
<nullsAllowed>true</nullsAllowed>
<useDomainConstraints>false</useDomainConstraints>
<use>1</use>
<logicalDatatype>LOGDT007</logicalDatatype>
<autoIncrementCycle>false</autoIncrementCycle>
</Column>
<Column name="NPM_BUILDING_BUILDING_ID" id="4BE617D6-EC96-C4D7-27C1-D2BE14DDB510">
<createdBy>carlostrejo</createdBy>
<createdTime>2015-07-16 20:55:05 UTC</createdTime>
<generatorID>C1C0ECB9-72D2-BD10-A78A-53F740EFE79F</generatorID>
<ownerDesignName>nimblepm_datamodel</ownerDesignName>
<nullsAllowed>true</nullsAllowed>
<use>0</use>
<logicalDatatype>LOGDT019</logicalDatatype>
<domain>6E70DE84-56EA-FD55-C31F-555863DF8645</domain>
<delegate>87EED9BF-FDCC-DBCE-6A1E-2958E3B9F683</delegate>
<previousColumn>false</previousColumn>
<autoIncrementCycle>false</autoIncrementCycle>
<associations>
<colAssociation fkAssociation="308BD66F-BD09-5536-CC55-AF5848FA970F" referredColumn="87EED9BF-FDCC-DBCE-6A1E-2958E3B9F683"/>
</associations>
</Column>
<Column name="NPM_PROPERTY_PROPERTY_ID" id="16655CDD-9448-4FC8-60D4-C09397BDC8E0">
<createdBy>carlostrejo</createdBy>
<createdTime>2015-07-16 20:55:05 UTC</createdTime>
<generatorID>0CCC5637-557C-2558-8E11-88801FCF198E</generatorID>
<ownerDesignName>nimblepm_datamodel</ownerDesignName>
<nullsAllowed>true</nullsAllowed>
<use>0</use>
<logicalDatatype>LOGDT019</logicalDatatype>
<domain>6E70DE84-56EA-FD55-C31F-555863DF8645</domain>
<delegate>7659DE0E-897D-3984-10F5-D466EB03FF37</delegate>
<previousColumn>false</previousColumn>
<autoIncrementCycle>false</autoIncrementCycle>
<associations>
<colAssociation fkAssociation="BF8253C0-F03D-D5D7-D0E2-1A39DF51E7FB" referredColumn="7659DE0E-897D-3984-10F5-D466EB03FF37"/>
</associations>
</Column>
</columns>
<indexes itemClass="oracle.dbtools.crest.model.design.relational.Index">
<ind_PK_UK id="776671D6-FEF6-6289-17E3-2BA33C93E42D" name="NPM_PERSON_PK">
<createdBy>carlostrejo</createdBy>
<createdTime>2015-07-16 20:55:05 UTC</createdTime>
<generatorID>97A69DD1-77A8-5626-A261-FD26DBD4DA87</generatorID>
<ownerDesignName>nimblepm_datamodel</ownerDesignName>
<pk>true</pk>
<indexState>Primary Constraint</indexState>
<isSurrogateKey>false</isSurrogateKey>
<indexColumnUsage>
<colUsage columnID="F6E4AA4F-BD26-03D4-D50B-9231A1DB00A9"/>
</indexColumnUsage>
</ind_PK_UK>
<ind_PK_UK id="F5557C26-6A76-195B-DCE5-88A74881802E" name="NPM_PERSON_NPM_BUILDING_FK">
<createdBy>carlostrejo</createdBy>
<createdTime>2015-07-16 20:55:05 UTC</createdTime>
<generatorID>410A1999-06C5-F68B-FDD5-1DA1750E2480</generatorID>
<ownerDesignName>nimblepm_datamodel</ownerDesignName>
<indexState>Foreign Key</indexState>
<isSurrogateKey>false</isSurrogateKey>
<indexColumnUsage>
<colUsage columnID="4BE617D6-EC96-C4D7-27C1-D2BE14DDB510"/>
</indexColumnUsage>
</ind_PK_UK>
<ind_PK_UK id="DBAA61BE-D8EB-2DA5-7D1E-84FE386B49DF" name="NPM_PERSON_NPM_PROPERTY_FK">
<createdBy>carlostrejo</createdBy>
<createdTime>2015-07-16 20:55:05 UTC</createdTime>
<generatorID>05AE6EC4-03B9-E5C0-386D-80F1F4D1C3E2</generatorID>
<ownerDesignName>nimblepm_datamodel</ownerDesignName>
<indexState>Foreign Key</indexState>
<isSurrogateKey>false</isSurrogateKey>
<indexColumnUsage>
<colUsage columnID="16655CDD-9448-4FC8-60D4-C09397BDC8E0"/>
</indexColumnUsage>
</ind_PK_UK>
</indexes>
</Table>