<?xml version = '1.0' encoding = 'UTF-8'?>
<Table class="oracle.dbtools.crest.model.design.relational.Table" directorySegmentName="seg_0" id="FD1D4B1B-C537-F5D3-2756-A892E7B95449" name="NPM_FORMER_NAME">
<sourceDDLFile>schema_test.sql</sourceDDLFile>
<createdBy>carlostrejo</createdBy>
<createdTime>2015-07-06 20:05:15 UTC</createdTime>
<ownerDesignName>nimblepm_datamodel</ownerDesignName>
<importedID>83E22878-8ACD-929D-2620-770746C7AEFC</importedID>
<allowColumnReorder>false</allowColumnReorder>
<existDependencyGenerateInDDl>true</existDependencyGenerateInDDl>
<columns itemClass="oracle.dbtools.crest.model.design.relational.Column">
<Column name="NAME_ID" id="C322D4CF-D5AD-B2B2-28D5-578A26B249C9">
<sourceDDLFile>schema_test.sql</sourceDDLFile>
<createdBy>carlostrejo</createdBy>
<createdTime>2015-07-06 20:05:15 UTC</createdTime>
<ownerDesignName>nimblepm_datamodel</ownerDesignName>
<importedID>84D3F0BB-6C84-05C3-545F-2EB41B6B2FBB</importedID>
<use>0</use>
<logicalDatatype>LOGDT019</logicalDatatype>
<domain>C8577EE6-87BA-51C0-5FCF-5431C1329AB0</domain>
<autoIncrementCycle>false</autoIncrementCycle>
</Column>
<Column name="NPM_VENDOR_VENDOR_ID" id="C2CBB6EB-52B3-71DE-378E-6A8CD3B2C639">
<sourceDDLFile>schema_test.sql</sourceDDLFile>
<createdBy>carlostrejo</createdBy>
<createdTime>2015-07-06 20:05:15 UTC</createdTime>
<ownerDesignName>nimblepm_datamodel</ownerDesignName>
<importedID>27E814B4-2392-8C47-D8A7-611D2FF1DFB0</importedID>
<nullsAllowed>true</nullsAllowed>
<use>0</use>
<logicalDatatype>LOGDT019</logicalDatatype>
<domain>6E70DE84-56EA-FD55-C31F-555863DF8645</domain>
<delegate>CB980339-AA8F-55D9-6240-9AB133B9CA2C</delegate>
<autoIncrementCycle>false</autoIncrementCycle>
<associations>
<colAssociation fkAssociation="A59FBC33-455C-ED7C-6A70-FC2AD2E1180E" referredColumn="CB980339-AA8F-55D9-6240-9AB133B9CA2C"/>
</associations>
</Column>
<Column name="NPM_DEPARTMENT_DEPARTMENT_ID" id="2EE1FACE-7AE8-931F-0665-A2F476262FE6">
<sourceDDLFile>schema_test.sql</sourceDDLFile>
<createdBy>carlostrejo</createdBy>
<createdTime>2015-07-06 20:05:15 UTC</createdTime>
<ownerDesignName>nimblepm_datamodel</ownerDesignName>
<importedID>3BE00386-1423-C3AA-9D9E-31842259460C</importedID>
<nullsAllowed>true</nullsAllowed>
<use>0</use>
<logicalDatatype>LOGDT019</logicalDatatype>
<domain>6E70DE84-56EA-FD55-C31F-555863DF8645</domain>
<delegate>298F2BDE-7D17-3D34-4B3A-4BB0A7034068</delegate>
<autoIncrementCycle>false</autoIncrementCycle>
<associations>
<colAssociation fkAssociation="D582CDC9-A1CE-1878-C50C-2922AF217FB6" referredColumn="298F2BDE-7D17-3D34-4B3A-4BB0A7034068"/>
</associations>
</Column>
<Column name="NAME" id="20734AEA-BB5E-972F-EA4E-C37688FB3C78">
<sourceDDLFile>schema_test.sql</sourceDDLFile>
<createdBy>carlostrejo</createdBy>
<createdTime>2015-07-06 20:05:15 UTC</createdTime>
<ownerDesignName>nimblepm_datamodel</ownerDesignName>
<importedID>AF43768D-33CF-31AB-5914-5FC65CA128D1</importedID>
<nullsAllowed>true</nullsAllowed>
<use>0</use>
<logicalDatatype>LOGDT024</logicalDatatype>
<domain>A66AF118-C268-14CE-8F42-978DAE668674</domain>
<autoIncrementCycle>false</autoIncrementCycle>
</Column>
<Column name="CURRENT_NAME" id="CF923123-39D4-02F3-A029-D3346B39C85A">
<sourceDDLFile>schema_test.sql</sourceDDLFile>
<createdBy>carlostrejo</createdBy>
<createdTime>2015-07-06 20:05:15 UTC</createdTime>
<ownerDesignName>nimblepm_datamodel</ownerDesignName>
<importedID>C250455C-F541-6091-2FD5-CD3BDFED0E8C</importedID>
<nullsAllowed>true</nullsAllowed>
<use>0</use>
<logicalDatatype>LOGDT024</logicalDatatype>
<domain>A66AF118-C268-14CE-8F42-978DAE668674</domain>
<autoIncrementCycle>false</autoIncrementCycle>
</Column>
<Column name="CREATED" id="56F08132-FF6E-2938-9105-B85A537D3507">
<sourceDDLFile>schema_test.sql</sourceDDLFile>
<createdBy>carlostrejo</createdBy>
<createdTime>2015-07-06 20:05:15 UTC</createdTime>
<ownerDesignName>nimblepm_datamodel</ownerDesignName>
<importedID>2BBCD081-C4FF-EFC3-78B2-B861F3ADA53C</importedID>
<nullsAllowed>true</nullsAllowed>
<use>0</use>
<logicalDatatype>LOGDT007</logicalDatatype>
<domain>C088B010-3073-E8C9-16B8-732C8FDC687F</domain>
<autoIncrementCycle>false</autoIncrementCycle>
</Column>
<Column name="CREATED_BY" id="03FF8EC3-B9E6-24B5-FD28-3B8082AF3227">
<sourceDDLFile>schema_test.sql</sourceDDLFile>
<createdBy>carlostrejo</createdBy>
<createdTime>2015-07-06 20:05:15 UTC</createdTime>
<ownerDesignName>nimblepm_datamodel</ownerDesignName>
<importedID>1490AA74-5A94-8035-B006-BFF35FC2244F</importedID>
<nullsAllowed>true</nullsAllowed>
<use>0</use>
<logicalDatatype>LOGDT024</logicalDatatype>
<domain>A66AF118-C268-14CE-8F42-978DAE668674</domain>
<autoIncrementCycle>false</autoIncrementCycle>
</Column>
<Column name="ROW_VERSION_NUMBER" id="400B96C7-63B1-8F82-0FF8-1AE4DAB49017">
<sourceDDLFile>schema_test.sql</sourceDDLFile>
<createdBy>carlostrejo</createdBy>
<createdTime>2015-07-06 20:05:15 UTC</createdTime>
<ownerDesignName>nimblepm_datamodel</ownerDesignName>
<importedID>5A5930EB-B180-10B7-F677-307F0D978EA0</importedID>
<nullsAllowed>true</nullsAllowed>
<use>0</use>
<logicalDatatype>LOGDT019</logicalDatatype>
<domain>6E70DE84-56EA-FD55-C31F-555863DF8645</domain>
<autoIncrementCycle>false</autoIncrementCycle>
</Column>
<Column name="UPDATED" id="1A9D5D32-6938-2DDE-73DD-9C487C3BBE38">
<sourceDDLFile>schema_test.sql</sourceDDLFile>
<createdBy>carlostrejo</createdBy>
<createdTime>2015-07-06 20:05:15 UTC</createdTime>
<ownerDesignName>nimblepm_datamodel</ownerDesignName>
<importedID>28EAD0B7-3AB1-CE73-3049-20047C50FDE6</importedID>
<nullsAllowed>true</nullsAllowed>
<use>0</use>
<logicalDatatype>LOGDT007</logicalDatatype>
<domain>C088B010-3073-E8C9-16B8-732C8FDC687F</domain>
<autoIncrementCycle>false</autoIncrementCycle>
</Column>
<Column name="UPDATED_BY" id="2A72D7F5-FA55-8E60-296C-1CAF5FA6F358">
<sourceDDLFile>schema_test.sql</sourceDDLFile>
<createdBy>carlostrejo</createdBy>
<createdTime>2015-07-06 20:05:15 UTC</createdTime>
<ownerDesignName>nimblepm_datamodel</ownerDesignName>
<importedID>B68B0282-0771-13EE-5D6B-90ABEF678EB6</importedID>
<nullsAllowed>true</nullsAllowed>
<use>0</use>
<logicalDatatype>LOGDT024</logicalDatatype>
<domain>A66AF118-C268-14CE-8F42-978DAE668674</domain>
<autoIncrementCycle>false</autoIncrementCycle>
</Column>
</columns>
<indexes itemClass="oracle.dbtools.crest.model.design.relational.Index">
<ind_PK_UK id="2391DC9F-98A3-C91E-FFCC-2ED9747D1AAB" name="NPM_FORMER_NAME_PK">
<sourceDDLFile>schema_test.sql</sourceDDLFile>
<createdBy>carlostrejo</createdBy>
<createdTime>2015-07-06 20:05:15 UTC</createdTime>
<ownerDesignName>nimblepm_datamodel</ownerDesignName>
<importedID>FAF4F619-A44D-CB1C-07AD-667125EE2BFC</importedID>
<pk>true</pk>
<indexState>Primary Constraint</indexState>
<isSurrogateKey>false</isSurrogateKey>
<indexColumnUsage>
<colUsage columnID="C322D4CF-D5AD-B2B2-28D5-578A26B249C9"/>
</indexColumnUsage>
</ind_PK_UK>
<ind_PK_UK id="FFE4048B-587B-085B-30EC-2968D4C0DE6C" name="NPM_FORMER_NAME_NPM_VENDOR_FK">
<createdBy>carlostrejo</createdBy>
<createdTime>2015-07-06 20:05:15 UTC</createdTime>
<ownerDesignName>nimblepm_datamodel</ownerDesignName>
<indexState>Foreign Key</indexState>
<isSurrogateKey>false</isSurrogateKey>
<indexColumnUsage>
<colUsage columnID="C2CBB6EB-52B3-71DE-378E-6A8CD3B2C639"/>
</indexColumnUsage>
</ind_PK_UK>
<ind_PK_UK id="BE08A3BC-89A9-F086-B645-50A3EDD21D99" name="NPM_FORMER_NAME_NPM_DEPARTMENT_FK">
<createdBy>carlostrejo</createdBy>
<createdTime>2015-07-06 20:05:15 UTC</createdTime>
<ownerDesignName>nimblepm_datamodel</ownerDesignName>
<indexState>Foreign Key</indexState>
<isSurrogateKey>false</isSurrogateKey>
<indexColumnUsage>
<colUsage columnID="2EE1FACE-7AE8-931F-0665-A2F476262FE6"/>
</indexColumnUsage>
</ind_PK_UK>
</indexes>
</Table>