<?xml version = '1.0' encoding = 'UTF-8'?>
<FKIndexAssociation class="oracle.dbtools.crest.model.design.relational.FKIndexAssociation" directorySegmentName="seg_0" id="1C59B435-03AD-05D8-4C79-5D39EA3E621A" name="NPM_DOCUMENT_NPM_EMAIL_FK">
<sourceDDLFile>schema_test.sql</sourceDDLFile>
<createdBy>carlostrejo</createdBy>
<createdTime>2015-07-06 20:05:15 UTC</createdTime>
<ownerDesignName>nimblepm_datamodel</ownerDesignName>
<importedID>4F13A694-9ECA-7D20-5EF8-E13AA54981F3</importedID>
<containerWithKeyObject>1E7FA020-5E48-40E5-033E-B88C398DFE59</containerWithKeyObject>
<deleteRule>NO ACTION</deleteRule>
<localFKIndex>5B6BD00D-1CF6-EFCE-1D2F-D37D1117CCB2</localFKIndex>
<keyObject>DEDBB07B-F9B1-B441-7B81-0053756910A0</keyObject>
<mandatory>false</mandatory>
<transferable>true</transferable>
<columnDependencyConstraintGenerateInDDL>true</columnDependencyConstraintGenerateInDDL>
</FKIndexAssociation>