<?xml version = '1.0' encoding = 'UTF-8'?>
<FKIndexAssociation class="oracle.dbtools.crest.model.design.relational.FKIndexAssociation" directorySegmentName="seg_0" id="2F3ACE1B-5F4E-7992-61AF-CA7C235225D8" name="NPM_TICKLERS_NPM_CONTACT_FK">
<sourceDDLFile>schema_test.sql</sourceDDLFile>
<createdBy>carlostrejo</createdBy>
<createdTime>2015-07-06 20:05:15 UTC</createdTime>
<ownerDesignName>nimblepm_datamodel</ownerDesignName>
<importedID>0EF69993-E61D-0710-3110-337BE98C8DF5</importedID>
<containerWithKeyObject>A229E465-4415-CEAB-A4CE-399329FCF9C4</containerWithKeyObject>
<deleteRule>NO ACTION</deleteRule>
<localFKIndex>AB93A03D-A58D-FA9D-65DB-B966CAECFCD0</localFKIndex>
<keyObject>2A9E7876-D399-6F2E-66A9-7A7B43AEA85C</keyObject>
<mandatory>false</mandatory>
<transferable>true</transferable>
<columnDependencyConstraintGenerateInDDL>true</columnDependencyConstraintGenerateInDDL>
</FKIndexAssociation>