<?xml version = '1.0' encoding = 'UTF-8'?>
<FKIndexAssociation class="oracle.dbtools.crest.model.design.relational.FKIndexAssociation" directorySegmentName="seg_0" id="4667CBFD-A2D8-5249-E1FF-3AE73ACB5A76" name="NPM_AGREEMENTS_NPM_CONTACT_FK">
<sourceDDLFile>schema_test.sql</sourceDDLFile>
<createdBy>carlostrejo</createdBy>
<createdTime>2015-07-06 20:05:15 UTC</createdTime>
<ownerDesignName>nimblepm_datamodel</ownerDesignName>
<importedID>6D063890-59CB-3E34-74B5-D3DE3A84D3C8</importedID>
<containerWithKeyObject>5E95DF6E-2EEC-B889-38FD-FEEA094BF268</containerWithKeyObject>
<deleteRule>NO ACTION</deleteRule>
<localFKIndex>65839A19-FDA6-2671-5103-8290CA440E10</localFKIndex>
<keyObject>2A9E7876-D399-6F2E-66A9-7A7B43AEA85C</keyObject>
<mandatory>false</mandatory>
<transferable>true</transferable>
<columnDependencyConstraintGenerateInDDL>true</columnDependencyConstraintGenerateInDDL>
</FKIndexAssociation>