<?xml version = '1.0' encoding = 'UTF-8'?>
<FKIndexAssociation class="oracle.dbtools.crest.model.design.relational.FKIndexAssociation" directorySegmentName="seg_0" id="536C601F-B185-DC9D-C725-152EA80EBD7D" name="NPM_CONTACT_NPM_VENDOR_FK">
<sourceDDLFile>schema_test.sql</sourceDDLFile>
<createdBy>carlostrejo</createdBy>
<createdTime>2015-07-06 20:05:15 UTC</createdTime>
<ownerDesignName>nimblepm_datamodel</ownerDesignName>
<importedID>F54A5A3B-0C78-BBEE-24FF-5F98A4177F96</importedID>
<containerWithKeyObject>DB3E5113-4F06-0908-37A3-E4B10C703575</containerWithKeyObject>
<deleteRule>NO ACTION</deleteRule>
<localFKIndex>3C0A7FCE-274C-0E36-9070-908696C44906</localFKIndex>
<keyObject>82F718BF-6FE4-D3E0-0555-CBA1175167D8</keyObject>
<mandatory>false</mandatory>
<transferable>true</transferable>
<columnDependencyConstraintGenerateInDDL>true</columnDependencyConstraintGenerateInDDL>
</FKIndexAssociation>