<?xml version = '1.0' encoding = 'UTF-8'?>
<FKIndexAssociation class="oracle.dbtools.crest.model.design.relational.FKIndexAssociation" directorySegmentName="seg_0" id="6FC4AAFD-3B90-271C-08B8-726A247FF8E2" name="NPM_TICKLERS_NPM_DEPARTMENT_FK">
<sourceDDLFile>schema_test.sql</sourceDDLFile>
<createdBy>carlostrejo</createdBy>
<createdTime>2015-07-06 20:05:15 UTC</createdTime>
<ownerDesignName>nimblepm_datamodel</ownerDesignName>
<importedID>EB9EDC5B-6D61-0773-7AD0-46CE7C6BE239</importedID>
<containerWithKeyObject>A229E465-4415-CEAB-A4CE-399329FCF9C4</containerWithKeyObject>
<deleteRule>NO ACTION</deleteRule>
<localFKIndex>9873C542-86B0-004E-7B3B-FDD642650196</localFKIndex>
<keyObject>75A3F4B3-61F8-08C0-CCB8-B5570524341A</keyObject>
<mandatory>false</mandatory>
<transferable>true</transferable>
<columnDependencyConstraintGenerateInDDL>true</columnDependencyConstraintGenerateInDDL>
</FKIndexAssociation>