<?xml version = '1.0' encoding = 'UTF-8'?>
<FKIndexAssociation class="oracle.dbtools.crest.model.design.relational.FKIndexAssociation" directorySegmentName="seg_0" id="87EEA53E-28A5-0FCA-7F59-1595114672F5" name="NPM_PROPERTY_NPM_AGREEMENTS_FK">
<sourceDDLFile>schema_test.sql</sourceDDLFile>
<createdBy>carlostrejo</createdBy>
<createdTime>2015-07-06 20:05:15 UTC</createdTime>
<ownerDesignName>nimblepm_datamodel</ownerDesignName>
<importedID>F8A3D496-9258-4CD1-3E7E-B508185F158F</importedID>
<containerWithKeyObject>01F37111-948A-80C7-3292-4AAD2D9E276F</containerWithKeyObject>
<deleteRule>NO ACTION</deleteRule>
<localFKIndex>FAB5443F-E39B-B2BC-43BB-96BAA323DE53</localFKIndex>
<keyObject>FE821026-D4CC-DA9D-8593-36289F7FBCD3</keyObject>
<mandatory>false</mandatory>
<transferable>true</transferable>
<columnDependencyConstraintGenerateInDDL>true</columnDependencyConstraintGenerateInDDL>
</FKIndexAssociation>