<?xml version = '1.0' encoding = 'UTF-8'?>
<FKIndexAssociation class="oracle.dbtools.crest.model.design.relational.FKIndexAssociation" directorySegmentName="seg_0" id="B8B11CA3-1FBE-CB7C-068D-2886601AC5D7" name="NPM_AGREEMENTS_NPM_CONTACT_FKv1">
<sourceDDLFile>schema_test.sql</sourceDDLFile>
<createdBy>carlostrejo</createdBy>
<createdTime>2015-07-06 20:05:15 UTC</createdTime>
<ownerDesignName>nimblepm_datamodel</ownerDesignName>
<importedID>FAF7B6DC-D742-3B73-B926-996AA356CE07</importedID>
<containerWithKeyObject>5E95DF6E-2EEC-B889-38FD-FEEA094BF268</containerWithKeyObject>
<deleteRule>NO ACTION</deleteRule>
<localFKIndex>59F7651E-BE6B-98CD-36F0-B9849961F796</localFKIndex>
<keyObject>2A9E7876-D399-6F2E-66A9-7A7B43AEA85C</keyObject>
<mandatory>false</mandatory>
<transferable>true</transferable>
<columnDependencyConstraintGenerateInDDL>true</columnDependencyConstraintGenerateInDDL>
</FKIndexAssociation>