<?xml version = '1.0' encoding = 'UTF-8'?>
<Entity class="oracle.dbtools.crest.model.design.logical.Entity" directorySegmentName="seg_0" id="1F2FEC07-6137-0986-E9CA-20D992761648" name="NPM DEPARTMENT">
<createdBy>carlostrejo</createdBy>
<createdTime>2015-07-06 20:09:13 UTC</createdTime>
<generatorID>2F64A62A-62BB-080A-0F1A-274D04AB4C23</generatorID>
<ownerDesignName>nimblepm_datamodel</ownerDesignName>
<engineerTo>
<item key="9C5C99D8-B214-D89C-9355-BBEECF223389" value="true"/>
<item key="CD3D3A6E-066C-F12A-1649-FB842AE652B6" value="true"/>
</engineerTo>
<adequatelyNormalized>NO</adequatelyNormalized>
<expectedVolumes>0</expectedVolumes>
<fwdEngineeringStrategyName>Single Table</fwdEngineeringStrategyName>
<growthPercent>0</growthPercent>
<growthType>Year</growthType>
<maxVolumes>9999999</maxVolumes>
<minVolumes>0</minVolumes>
<normalForm>Third</normalForm>
<attributes itemClass="oracle.dbtools.crest.model.design.logical.Attribute">
<Attribute name="DEPARTMENT ID" id="735E8609-360F-E182-664F-4AE7CFCEB715">
<createdBy>carlostrejo</createdBy>
<createdTime>2015-07-06 20:09:13 UTC</createdTime>
<generatorID>298F2BDE-7D17-3D34-4B3A-4BB0A7034068</generatorID>
<ownerDesignName>nimblepm_datamodel</ownerDesignName>
<engineerTo>
<item key="9C5C99D8-B214-D89C-9355-BBEECF223389" value="true"/>
<item key="CD3D3A6E-066C-F12A-1649-FB842AE652B6" value="true"/>
</engineerTo>
<use>0</use>
<logicalDatatype>LOGDT019</logicalDatatype>
<domain>6E70DE84-56EA-FD55-C31F-555863DF8645</domain>
</Attribute>
<Attribute name="PROGRAMATIC APPROVER" id="25A45B41-8B42-F888-560F-15148BD9725B">
<createdBy>carlostrejo</createdBy>
<createdTime>2015-07-06 20:09:13 UTC</createdTime>
<generatorID>7FBA4351-BDF4-24A0-5E0A-772CE3B61FA2</generatorID>
<ownerDesignName>nimblepm_datamodel</ownerDesignName>
<engineerTo>
<item key="9C5C99D8-B214-D89C-9355-BBEECF223389" value="true"/>
<item key="CD3D3A6E-066C-F12A-1649-FB842AE652B6" value="true"/>
</engineerTo>
<nullsAllowed>true</nullsAllowed>
<referedAttribute>B74B2020-C8F6-A522-F2FD-5D82ABE4C772</referedAttribute>
<use>0</use>
<logicalDatatype>LOGDT019</logicalDatatype>
<domain>6E70DE84-56EA-FD55-C31F-555863DF8645</domain>
</Attribute>
<Attribute name="CURRENT NAME ID" id="3585AF34-D70A-949F-06FA-A45E72A19AEA">
<createdBy>carlostrejo</createdBy>
<createdTime>2015-07-06 20:09:13 UTC</createdTime>
<generatorID>01718B5A-BFBC-5C30-7EB9-53AD73611C08</generatorID>
<ownerDesignName>nimblepm_datamodel</ownerDesignName>
<engineerTo>
<item key="9C5C99D8-B214-D89C-9355-BBEECF223389" value="true"/>
<item key="CD3D3A6E-066C-F12A-1649-FB842AE652B6" value="true"/>
</engineerTo>
<nullsAllowed>true</nullsAllowed>
<referedAttribute>787DC171-5EAD-52E9-0E95-0CD23EABDF68</referedAttribute>
<use>0</use>
<logicalDatatype>LOGDT019</logicalDatatype>
<domain>C8577EE6-87BA-51C0-5FCF-5431C1329AB0</domain>
</Attribute>
<Attribute name="NAME" id="F136B475-F5C9-F947-319C-890DF372A5AE">
<createdBy>carlostrejo</createdBy>
<createdTime>2015-07-06 20:09:13 UTC</createdTime>
<generatorID>F105182A-9F67-6978-C61E-F90BF9B53954</generatorID>
<ownerDesignName>nimblepm_datamodel</ownerDesignName>
<engineerTo>
<item key="9C5C99D8-B214-D89C-9355-BBEECF223389" value="true"/>
<item key="CD3D3A6E-066C-F12A-1649-FB842AE652B6" value="true"/>
</engineerTo>
<nullsAllowed>true</nullsAllowed>
<use>0</use>
<logicalDatatype>LOGDT024</logicalDatatype>
<domain>A66AF118-C268-14CE-8F42-978DAE668674</domain>
</Attribute>
<Attribute name="CREATED" id="84FD727C-B8C6-BEBD-1043-BEE625AF67DC">
<createdBy>carlostrejo</createdBy>
<createdTime>2015-07-06 20:09:13 UTC</createdTime>
<generatorID>70FE4DB0-3DB3-8EC1-FD77-F163500B4F5D</generatorID>
<ownerDesignName>nimblepm_datamodel</ownerDesignName>
<engineerTo>
<item key="9C5C99D8-B214-D89C-9355-BBEECF223389" value="true"/>
<item key="CD3D3A6E-066C-F12A-1649-FB842AE652B6" value="true"/>
</engineerTo>
<nullsAllowed>true</nullsAllowed>
<use>0</use>
<logicalDatatype>LOGDT007</logicalDatatype>
<domain>C088B010-3073-E8C9-16B8-732C8FDC687F</domain>
</Attribute>
<Attribute name="CREATED BY" id="F89652CB-4894-D217-9B57-B3E922F130B8">
<createdBy>carlostrejo</createdBy>
<createdTime>2015-07-06 20:09:13 UTC</createdTime>
<generatorID>33FF7E97-4ED2-E2D7-E0C2-9B3DB38DB1B7</generatorID>
<ownerDesignName>nimblepm_datamodel</ownerDesignName>
<engineerTo>
<item key="9C5C99D8-B214-D89C-9355-BBEECF223389" value="true"/>
<item key="CD3D3A6E-066C-F12A-1649-FB842AE652B6" value="true"/>
</engineerTo>
<nullsAllowed>true</nullsAllowed>
<use>0</use>
<logicalDatatype>LOGDT024</logicalDatatype>
<domain>A66AF118-C268-14CE-8F42-978DAE668674</domain>
</Attribute>
<Attribute name="ROW VERSION NUMBER" id="BFCAA55E-752E-A2DE-A07A-C137FCCC2BCD">
<createdBy>carlostrejo</createdBy>
<createdTime>2015-07-06 20:09:13 UTC</createdTime>
<generatorID>FDAE25D9-DB10-3A96-DCE7-2CA7C173B2BB</generatorID>
<ownerDesignName>nimblepm_datamodel</ownerDesignName>
<engineerTo>
<item key="9C5C99D8-B214-D89C-9355-BBEECF223389" value="true"/>
<item key="CD3D3A6E-066C-F12A-1649-FB842AE652B6" value="true"/>
</engineerTo>
<nullsAllowed>true</nullsAllowed>
<use>0</use>
<logicalDatatype>LOGDT019</logicalDatatype>
<domain>6E70DE84-56EA-FD55-C31F-555863DF8645</domain>
</Attribute>
<Attribute name="UPDATED" id="FB094F70-C236-86A6-988E-F0265BDB921D">
<createdBy>carlostrejo</createdBy>
<createdTime>2015-07-06 20:09:13 UTC</createdTime>
<generatorID>D7661770-548F-7B7F-82AD-D3EEB73173DA</generatorID>
<ownerDesignName>nimblepm_datamodel</ownerDesignName>
<engineerTo>
<item key="9C5C99D8-B214-D89C-9355-BBEECF223389" value="true"/>
<item key="CD3D3A6E-066C-F12A-1649-FB842AE652B6" value="true"/>
</engineerTo>
<nullsAllowed>true</nullsAllowed>
<use>0</use>
<logicalDatatype>LOGDT007</logicalDatatype>
<domain>C088B010-3073-E8C9-16B8-732C8FDC687F</domain>
</Attribute>
<Attribute name="UPDATED BY" id="54765A68-B36F-313E-B03A-CB24FCB00B04">
<createdBy>carlostrejo</createdBy>
<createdTime>2015-07-06 20:09:13 UTC</createdTime>
<generatorID>ADB01DF5-656E-B28F-527C-9136117545CD</generatorID>
<ownerDesignName>nimblepm_datamodel</ownerDesignName>
<engineerTo>
<item key="9C5C99D8-B214-D89C-9355-BBEECF223389" value="true"/>
<item key="CD3D3A6E-066C-F12A-1649-FB842AE652B6" value="true"/>
</engineerTo>
<nullsAllowed>true</nullsAllowed>
<use>0</use>
<logicalDatatype>LOGDT024</logicalDatatype>
<domain>A66AF118-C268-14CE-8F42-978DAE668674</domain>
</Attribute>
</attributes>
<identifiers itemClass="oracle.dbtools.crest.model.design.logical.CandidateKey">
<identifier id="39AC2DDB-ED29-E5D7-BB9B-A117BDDC0A55" name="UTBC DEPARTMENT PK">
<createdBy>carlostrejo</createdBy>
<createdTime>2015-07-06 20:09:13 UTC</createdTime>
<generatorID>75A3F4B3-61F8-08C0-CCB8-B5570524341A</generatorID>
<ownerDesignName>nimblepm_datamodel</ownerDesignName>
<shouldEngineer>false</shouldEngineer>
<engineerTo>
<item key="9C5C99D8-B214-D89C-9355-BBEECF223389" value="true"/>
<item key="CD3D3A6E-066C-F12A-1649-FB842AE652B6" value="false"/>
</engineerTo>
<pk>true</pk>
<usedAttributes>
<attributeRef>735E8609-360F-E182-664F-4AE7CFCEB715</attributeRef>
</usedAttributes>
</identifier>
</identifiers>
</Entity>