<?xml version = '1.0' encoding = 'UTF-8'?>
<Entity class="oracle.dbtools.crest.model.design.logical.Entity" directorySegmentName="seg_0" id="20B0458B-9B0A-2F5F-DF42-86FD15E18D0C" name="NPM PROPERTY">
<createdBy>carlostrejo</createdBy>
<createdTime>2015-07-06 20:09:13 UTC</createdTime>
<generatorID>01F37111-948A-80C7-3292-4AAD2D9E276F</generatorID>
<ownerDesignName>nimblepm_datamodel</ownerDesignName>
<engineerTo>
<item key="9C5C99D8-B214-D89C-9355-BBEECF223389" value="true"/>
<item key="CD3D3A6E-066C-F12A-1649-FB842AE652B6" value="true"/>
</engineerTo>
<adequatelyNormalized>NO</adequatelyNormalized>
<expectedVolumes>0</expectedVolumes>
<fwdEngineeringStrategyName>Single Table</fwdEngineeringStrategyName>
<growthPercent>0</growthPercent>
<growthType>Year</growthType>
<maxVolumes>9999999</maxVolumes>
<minVolumes>0</minVolumes>
<normalForm>Third</normalForm>
<attributes itemClass="oracle.dbtools.crest.model.design.logical.Attribute">
<Attribute name="PROPERTY ID" id="5E2F0D1D-0967-6232-A69B-007B5A608A98">
<createdBy>carlostrejo</createdBy>
<createdTime>2015-07-06 20:09:13 UTC</createdTime>
<generatorID>7659DE0E-897D-3984-10F5-D466EB03FF37</generatorID>
<ownerDesignName>nimblepm_datamodel</ownerDesignName>
<engineerTo>
<item key="9C5C99D8-B214-D89C-9355-BBEECF223389" value="true"/>
<item key="CD3D3A6E-066C-F12A-1649-FB842AE652B6" value="true"/>
</engineerTo>
<use>0</use>
<logicalDatatype>LOGDT019</logicalDatatype>
<domain>6E70DE84-56EA-FD55-C31F-555863DF8645</domain>
</Attribute>
<Attribute name="PROPERTY TYPE" id="C9261EA9-D68B-56CC-D64D-01BFB5491FC5">
<createdBy>carlostrejo</createdBy>
<createdTime>2015-07-06 20:09:13 UTC</createdTime>
<generatorID>ABE16C94-310B-BA95-0FD3-B92E1E99716F</generatorID>
<ownerDesignName>nimblepm_datamodel</ownerDesignName>
<engineerTo>
<item key="9C5C99D8-B214-D89C-9355-BBEECF223389" value="true"/>
<item key="CD3D3A6E-066C-F12A-1649-FB842AE652B6" value="true"/>
</engineerTo>
<nullsAllowed>true</nullsAllowed>
<use>0</use>
<logicalDatatype>LOGDT024</logicalDatatype>
<domain>A66AF118-C268-14CE-8F42-978DAE668674</domain>
</Attribute>
<Attribute name="PURPOSE" id="83A1865C-5638-C6C9-1823-DB12F26FA760">
<createdBy>carlostrejo</createdBy>
<createdTime>2015-07-06 20:09:13 UTC</createdTime>
<generatorID>42B39533-9C6B-F524-2FA6-33E2674737AE</generatorID>
<ownerDesignName>nimblepm_datamodel</ownerDesignName>
<engineerTo>
<item key="9C5C99D8-B214-D89C-9355-BBEECF223389" value="true"/>
<item key="CD3D3A6E-066C-F12A-1649-FB842AE652B6" value="true"/>
</engineerTo>
<nullsAllowed>true</nullsAllowed>
<use>0</use>
<logicalDatatype>LOGDT024</logicalDatatype>
<domain>C37064F9-CE09-5BD2-70F7-FBEA763F3808</domain>
</Attribute>
<Attribute name="START DATE" id="17E34EDE-1C8A-F154-5FC9-A3FB4FF3A929">
<createdBy>carlostrejo</createdBy>
<createdTime>2015-07-06 20:09:13 UTC</createdTime>
<generatorID>10A4FD60-505C-FF5F-6480-3BE92E51F3E9</generatorID>
<ownerDesignName>nimblepm_datamodel</ownerDesignName>
<engineerTo>
<item key="9C5C99D8-B214-D89C-9355-BBEECF223389" value="true"/>
<item key="CD3D3A6E-066C-F12A-1649-FB842AE652B6" value="true"/>
</engineerTo>
<nullsAllowed>true</nullsAllowed>
<use>0</use>
<logicalDatatype>LOGDT007</logicalDatatype>
<domain>C088B010-3073-E8C9-16B8-732C8FDC687F</domain>
</Attribute>
<Attribute name="END DATE" id="1081FB0C-92BF-4314-0FD7-113109C7AB14">
<createdBy>carlostrejo</createdBy>
<createdTime>2015-07-06 20:09:13 UTC</createdTime>
<generatorID>00B2204E-8695-4A72-8F20-117588CCB6DF</generatorID>
<ownerDesignName>nimblepm_datamodel</ownerDesignName>
<engineerTo>
<item key="9C5C99D8-B214-D89C-9355-BBEECF223389" value="true"/>
<item key="CD3D3A6E-066C-F12A-1649-FB842AE652B6" value="true"/>
</engineerTo>
<nullsAllowed>true</nullsAllowed>
<use>0</use>
<logicalDatatype>LOGDT007</logicalDatatype>
<domain>C088B010-3073-E8C9-16B8-732C8FDC687F</domain>
</Attribute>
<Attribute name="PARENT" id="49925097-19B6-51C4-4DA5-1F1EC6BC67CA">
<createdBy>carlostrejo</createdBy>
<createdTime>2015-07-06 20:09:13 UTC</createdTime>
<generatorID>B5C51BAC-03CD-6DA3-553B-B1311F89691A</generatorID>
<ownerDesignName>nimblepm_datamodel</ownerDesignName>
<engineerTo>
<item key="9C5C99D8-B214-D89C-9355-BBEECF223389" value="true"/>
<item key="CD3D3A6E-066C-F12A-1649-FB842AE652B6" value="true"/>
</engineerTo>
<nullsAllowed>true</nullsAllowed>
<use>0</use>
<logicalDatatype>LOGDT019</logicalDatatype>
<domain>C8577EE6-87BA-51C0-5FCF-5431C1329AB0</domain>
</Attribute>
<Attribute name="LEASE TYPE" id="0A2D9C31-AC03-6FC2-B7E9-B520A787FBFD">
<createdBy>carlostrejo</createdBy>
<createdTime>2015-07-06 20:09:13 UTC</createdTime>
<generatorID>0E479BAF-BE24-FB45-483D-E13A320EFB79</generatorID>
<ownerDesignName>nimblepm_datamodel</ownerDesignName>
<engineerTo>
<item key="9C5C99D8-B214-D89C-9355-BBEECF223389" value="true"/>
<item key="CD3D3A6E-066C-F12A-1649-FB842AE652B6" value="true"/>
</engineerTo>
<nullsAllowed>true</nullsAllowed>
<use>0</use>
<logicalDatatype>LOGDT024</logicalDatatype>
<domain>A66AF118-C268-14CE-8F42-978DAE668674</domain>
</Attribute>
<Attribute name="PHY UNIT NAME" id="4157068F-FC97-D07C-A113-4DCB35D17E37">
<createdBy>carlostrejo</createdBy>
<createdTime>2015-07-06 20:09:13 UTC</createdTime>
<generatorID>542A1C5F-9542-42AF-A779-A22CF2DF0709</generatorID>
<ownerDesignName>nimblepm_datamodel</ownerDesignName>
<engineerTo>
<item key="9C5C99D8-B214-D89C-9355-BBEECF223389" value="true"/>
<item key="CD3D3A6E-066C-F12A-1649-FB842AE652B6" value="true"/>
</engineerTo>
<nullsAllowed>true</nullsAllowed>
<use>0</use>
<logicalDatatype>LOGDT024</logicalDatatype>
<domain>A66AF118-C268-14CE-8F42-978DAE668674</domain>
</Attribute>
<Attribute name="PHY ROOM NAME" id="8C81A8E5-BDC6-28A6-BE97-B1B90F9ED919">
<createdBy>carlostrejo</createdBy>
<createdTime>2015-07-06 20:09:13 UTC</createdTime>
<generatorID>27CD5FD3-5F32-A7DA-B46B-DC97B50B8BA4</generatorID>
<ownerDesignName>nimblepm_datamodel</ownerDesignName>
<engineerTo>
<item key="9C5C99D8-B214-D89C-9355-BBEECF223389" value="true"/>
<item key="CD3D3A6E-066C-F12A-1649-FB842AE652B6" value="true"/>
</engineerTo>
<nullsAllowed>true</nullsAllowed>
<use>0</use>
<logicalDatatype>LOGDT024</logicalDatatype>
<domain>A66AF118-C268-14CE-8F42-978DAE668674</domain>
</Attribute>
<Attribute name="LOG UNIT NAME" id="438F1805-3D26-2F33-71AA-7F6913A8CA7A">
<createdBy>carlostrejo</createdBy>
<createdTime>2015-07-06 20:09:13 UTC</createdTime>
<generatorID>437F3E1F-EF90-7640-2F61-6D11A60FBEE3</generatorID>
<ownerDesignName>nimblepm_datamodel</ownerDesignName>
<engineerTo>
<item key="9C5C99D8-B214-D89C-9355-BBEECF223389" value="true"/>
<item key="CD3D3A6E-066C-F12A-1649-FB842AE652B6" value="true"/>
</engineerTo>
<nullsAllowed>true</nullsAllowed>
<use>0</use>
<logicalDatatype>LOGDT024</logicalDatatype>
<domain>A66AF118-C268-14CE-8F42-978DAE668674</domain>
</Attribute>
<Attribute name="PRICE" id="311C8E29-7F24-1FFC-5E83-B8BF3869AE66">
<createdBy>carlostrejo</createdBy>
<createdTime>2015-07-06 20:09:13 UTC</createdTime>
<generatorID>98B6DE65-0B20-4965-F551-2B5837E1DF57</generatorID>
<ownerDesignName>nimblepm_datamodel</ownerDesignName>
<engineerTo>
<item key="9C5C99D8-B214-D89C-9355-BBEECF223389" value="true"/>
<item key="CD3D3A6E-066C-F12A-1649-FB842AE652B6" value="true"/>
</engineerTo>
<nullsAllowed>true</nullsAllowed>
<use>0</use>
<logicalDatatype>LOGDT019</logicalDatatype>
<domain>6E70DE84-56EA-FD55-C31F-555863DF8645</domain>
</Attribute>
<Attribute name="START DATE1" id="53D9B865-ECBF-6FD6-26CE-62456BA586C7">
<createdBy>carlostrejo</createdBy>
<createdTime>2015-07-06 20:09:13 UTC</createdTime>
<generatorID>E0CBC130-DB02-0D8E-E670-DAFD1F95BC22</generatorID>
<ownerDesignName>nimblepm_datamodel</ownerDesignName>
<engineerTo>
<item key="9C5C99D8-B214-D89C-9355-BBEECF223389" value="true"/>
<item key="CD3D3A6E-066C-F12A-1649-FB842AE652B6" value="true"/>
</engineerTo>
<nullsAllowed>true</nullsAllowed>
<use>0</use>
<logicalDatatype>LOGDT007</logicalDatatype>
<domain>C088B010-3073-E8C9-16B8-732C8FDC687F</domain>
</Attribute>
<Attribute name="END DATE1" id="D3578492-9A56-8E50-4C2D-CFF360C7BF29">
<createdBy>carlostrejo</createdBy>
<createdTime>2015-07-06 20:09:13 UTC</createdTime>
<generatorID>D7CBCA1E-DFB8-41F7-345E-A7C6F3221C8A</generatorID>
<ownerDesignName>nimblepm_datamodel</ownerDesignName>
<engineerTo>
<item key="9C5C99D8-B214-D89C-9355-BBEECF223389" value="true"/>
<item key="CD3D3A6E-066C-F12A-1649-FB842AE652B6" value="true"/>
</engineerTo>
<nullsAllowed>true</nullsAllowed>
<use>0</use>
<logicalDatatype>LOGDT007</logicalDatatype>
<domain>C088B010-3073-E8C9-16B8-732C8FDC687F</domain>
</Attribute>
<Attribute name="FLOOR ID" id="E9529FEC-A1EB-5A20-2F62-DF1704C42696">
<createdBy>carlostrejo</createdBy>
<createdTime>2015-07-06 20:09:13 UTC</createdTime>
<generatorID>656FBE50-67FF-B643-3857-55796EAFAA6F</generatorID>
<ownerDesignName>nimblepm_datamodel</ownerDesignName>
<engineerTo>
<item key="9C5C99D8-B214-D89C-9355-BBEECF223389" value="true"/>
<item key="CD3D3A6E-066C-F12A-1649-FB842AE652B6" value="true"/>
</engineerTo>
<nullsAllowed>true</nullsAllowed>
<referedAttribute>6FEC5486-0C6A-F0C0-E6B4-F0C62FF0BA51</referedAttribute>
<use>0</use>
<logicalDatatype>LOGDT019</logicalDatatype>
<domain>6E70DE84-56EA-FD55-C31F-555863DF8645</domain>
</Attribute>
<Attribute name="BUILDING ID" id="71F39636-CCDE-3301-C819-17D1F17432F9">
<createdBy>carlostrejo</createdBy>
<createdTime>2015-07-06 20:09:13 UTC</createdTime>
<generatorID>CD721AD4-7906-9F61-D5C1-984FF034F6D5</generatorID>
<ownerDesignName>nimblepm_datamodel</ownerDesignName>
<engineerTo>
<item key="9C5C99D8-B214-D89C-9355-BBEECF223389" value="true"/>
<item key="CD3D3A6E-066C-F12A-1649-FB842AE652B6" value="true"/>
</engineerTo>
<nullsAllowed>true</nullsAllowed>
<referedAttribute>BFD1AFFE-ED57-455E-A7DD-3620426C8D69</referedAttribute>
<use>0</use>
<logicalDatatype>LOGDT019</logicalDatatype>
<domain>6E70DE84-56EA-FD55-C31F-555863DF8645</domain>
</Attribute>
<Attribute name="AGREEMENT ID" id="D242AA53-AD80-535E-83A0-A34863CBB3E3">
<createdBy>carlostrejo</createdBy>
<createdTime>2015-07-06 20:09:13 UTC</createdTime>
<generatorID>E0F87E5A-5C7A-9B4F-768D-8A1FC99EBFA7</generatorID>
<ownerDesignName>nimblepm_datamodel</ownerDesignName>
<engineerTo>
<item key="9C5C99D8-B214-D89C-9355-BBEECF223389" value="true"/>
<item key="CD3D3A6E-066C-F12A-1649-FB842AE652B6" value="true"/>
</engineerTo>
<nullsAllowed>true</nullsAllowed>
<referedAttribute>E896632C-4940-6296-D324-976CB5EACDE6</referedAttribute>
<use>0</use>
<logicalDatatype>LOGDT019</logicalDatatype>
<domain>6E70DE84-56EA-FD55-C31F-555863DF8645</domain>
</Attribute>
<Attribute name="PROPERTY ID1" id="D6005E5D-40A7-D12F-252A-07948BBED94D">
<createdBy>carlostrejo</createdBy>
<createdTime>2015-07-06 20:09:13 UTC</createdTime>
<generatorID>F3FA53D4-AF77-4B43-C3A6-235684FA39F0</generatorID>
<ownerDesignName>nimblepm_datamodel</ownerDesignName>
<engineerTo>
<item key="9C5C99D8-B214-D89C-9355-BBEECF223389" value="true"/>
<item key="CD3D3A6E-066C-F12A-1649-FB842AE652B6" value="true"/>
</engineerTo>
<nullsAllowed>true</nullsAllowed>
<referedAttribute>5E2F0D1D-0967-6232-A69B-007B5A608A98</referedAttribute>
<use>0</use>
<logicalDatatype>LOGDT019</logicalDatatype>
<domain>6E70DE84-56EA-FD55-C31F-555863DF8645</domain>
</Attribute>
<Attribute name="CREATED" id="506D8100-2033-4723-36A3-870A24BB986E">
<createdBy>carlostrejo</createdBy>
<createdTime>2015-07-06 20:09:13 UTC</createdTime>
<generatorID>67D7ECAE-223A-7E20-7A29-409C7018D370</generatorID>
<ownerDesignName>nimblepm_datamodel</ownerDesignName>
<engineerTo>
<item key="9C5C99D8-B214-D89C-9355-BBEECF223389" value="true"/>
<item key="CD3D3A6E-066C-F12A-1649-FB842AE652B6" value="true"/>
</engineerTo>
<nullsAllowed>true</nullsAllowed>
<use>0</use>
<logicalDatatype>LOGDT007</logicalDatatype>
<domain>C088B010-3073-E8C9-16B8-732C8FDC687F</domain>
</Attribute>
<Attribute name="CREATED BY" id="AA60364B-F81C-F89D-EF09-ADD4318FB777">
<createdBy>carlostrejo</createdBy>
<createdTime>2015-07-06 20:09:13 UTC</createdTime>
<generatorID>C0917928-FC25-120A-77AE-A981CB2BF1B9</generatorID>
<ownerDesignName>nimblepm_datamodel</ownerDesignName>
<engineerTo>
<item key="9C5C99D8-B214-D89C-9355-BBEECF223389" value="true"/>
<item key="CD3D3A6E-066C-F12A-1649-FB842AE652B6" value="true"/>
</engineerTo>
<nullsAllowed>true</nullsAllowed>
<use>0</use>
<logicalDatatype>LOGDT024</logicalDatatype>
<domain>A66AF118-C268-14CE-8F42-978DAE668674</domain>
</Attribute>
<Attribute name="ROW VERSION NUMBER" id="436F4762-186F-7D6E-7576-BCF28D79CDA9">
<createdBy>carlostrejo</createdBy>
<createdTime>2015-07-06 20:09:13 UTC</createdTime>
<generatorID>8F658B7B-81DE-1240-6718-1F13A45C3BFA</generatorID>
<ownerDesignName>nimblepm_datamodel</ownerDesignName>
<engineerTo>
<item key="9C5C99D8-B214-D89C-9355-BBEECF223389" value="true"/>
<item key="CD3D3A6E-066C-F12A-1649-FB842AE652B6" value="true"/>
</engineerTo>
<nullsAllowed>true</nullsAllowed>
<use>0</use>
<logicalDatatype>LOGDT019</logicalDatatype>
<domain>6E70DE84-56EA-FD55-C31F-555863DF8645</domain>
</Attribute>
<Attribute name="UPDATED" id="30D4A483-AB35-AAA3-02BD-64A3197F313F">
<createdBy>carlostrejo</createdBy>
<createdTime>2015-07-06 20:09:13 UTC</createdTime>
<generatorID>7E69D6F6-374C-9760-813C-31D3ABE5BDDD</generatorID>
<ownerDesignName>nimblepm_datamodel</ownerDesignName>
<engineerTo>
<item key="9C5C99D8-B214-D89C-9355-BBEECF223389" value="true"/>
<item key="CD3D3A6E-066C-F12A-1649-FB842AE652B6" value="true"/>
</engineerTo>
<nullsAllowed>true</nullsAllowed>
<use>0</use>
<logicalDatatype>LOGDT007</logicalDatatype>
<domain>C088B010-3073-E8C9-16B8-732C8FDC687F</domain>
</Attribute>
<Attribute name="UPDATED BY" id="C6101A67-DDD9-4C11-26DA-43C6857850F3">
<createdBy>carlostrejo</createdBy>
<createdTime>2015-07-06 20:09:13 UTC</createdTime>
<generatorID>49E3DD23-22C0-4FBC-A549-6A72ECF10C38</generatorID>
<ownerDesignName>nimblepm_datamodel</ownerDesignName>
<engineerTo>
<item key="9C5C99D8-B214-D89C-9355-BBEECF223389" value="true"/>
<item key="CD3D3A6E-066C-F12A-1649-FB842AE652B6" value="true"/>
</engineerTo>
<nullsAllowed>true</nullsAllowed>
<use>0</use>
<logicalDatatype>LOGDT024</logicalDatatype>
<domain>A66AF118-C268-14CE-8F42-978DAE668674</domain>
</Attribute>
</attributes>
<identifiers itemClass="oracle.dbtools.crest.model.design.logical.CandidateKey">
<identifier id="AE58D386-175B-D5A9-4B0A-BDE42BE209F2" name="UTBC PROPERTY PK">
<createdBy>carlostrejo</createdBy>
<createdTime>2015-07-06 20:09:13 UTC</createdTime>
<generatorID>77A00863-620F-D8DF-F09E-F4BEB7B49A11</generatorID>
<ownerDesignName>nimblepm_datamodel</ownerDesignName>
<shouldEngineer>false</shouldEngineer>
<engineerTo>
<item key="9C5C99D8-B214-D89C-9355-BBEECF223389" value="true"/>
<item key="CD3D3A6E-066C-F12A-1649-FB842AE652B6" value="false"/>
</engineerTo>
<pk>true</pk>
<usedAttributes>
<attributeRef>5E2F0D1D-0967-6232-A69B-007B5A608A98</attributeRef>
</usedAttributes>
</identifier>
</identifiers>
</Entity>