<?xml version = '1.0' encoding = 'UTF-8'?>
<Entity class="oracle.dbtools.crest.model.design.logical.Entity" directorySegmentName="seg_0" id="78C81166-0010-B1C8-52C0-C9585978A3C6" name="NPM_PERSON">
<createdBy>carlostrejo</createdBy>
<createdTime>2015-07-16 20:40:55 UTC</createdTime>
<ownerDesignName>nimblepm_datamodel</ownerDesignName>
<engineerTo>
<item key="9C5C99D8-B214-D89C-9355-BBEECF223389" value="true"/>
<item key="CD3D3A6E-066C-F12A-1649-FB842AE652B6" value="true"/>
</engineerTo>
<adequatelyNormalized>NO</adequatelyNormalized>
<expectedVolumes>0</expectedVolumes>
<fwdEngineeringStrategyName>Single Table</fwdEngineeringStrategyName>
<growthPercent>0</growthPercent>
<growthType>Year</growthType>
<maxVolumes>9999999</maxVolumes>
<minVolumes>0</minVolumes>
<normalForm>Third</normalForm>
<attributes itemClass="oracle.dbtools.crest.model.design.logical.Attribute">
<Attribute name="person_id" id="92154294-06C2-88DF-509B-D484DDDDBB97">
<createdBy>carlostrejo</createdBy>
<createdTime>2015-07-16 20:41:06 UTC</createdTime>
<ownerDesignName>nimblepm_datamodel</ownerDesignName>
<engineerTo>
<item key="9C5C99D8-B214-D89C-9355-BBEECF223389" value="true"/>
<item key="CD3D3A6E-066C-F12A-1649-FB842AE652B6" value="true"/>
</engineerTo>
<useDomainConstraints>false</useDomainConstraints>
<use>1</use>
<logicalDatatype>LOGDT011</logicalDatatype>
</Attribute>
<Attribute name="type" id="9F68E6B9-9C6A-D9DF-EA8D-8B92E7572C90">
<createdBy>carlostrejo</createdBy>
<createdTime>2015-07-16 20:41:54 UTC</createdTime>
<ownerDesignName>nimblepm_datamodel</ownerDesignName>
<engineerTo>
<item key="9C5C99D8-B214-D89C-9355-BBEECF223389" value="true"/>
<item key="CD3D3A6E-066C-F12A-1649-FB842AE652B6" value="true"/>
</engineerTo>
<nullsAllowed>true</nullsAllowed>
<useDomainConstraints>false</useDomainConstraints>
<use>1</use>
<logicalDatatype>LOGDT024</logicalDatatype>
<dataTypeSize>255</dataTypeSize>
</Attribute>
<Attribute name="name" id="9F502AE2-F1C2-1916-133F-A95F549E8E7D">
<createdBy>carlostrejo</createdBy>
<createdTime>2015-07-16 20:41:29 UTC</createdTime>
<ownerDesignName>nimblepm_datamodel</ownerDesignName>
<engineerTo>
<item key="9C5C99D8-B214-D89C-9355-BBEECF223389" value="true"/>
<item key="CD3D3A6E-066C-F12A-1649-FB842AE652B6" value="true"/>
</engineerTo>
<nullsAllowed>true</nullsAllowed>
<useDomainConstraints>false</useDomainConstraints>
<use>1</use>
<logicalDatatype>LOGDT024</logicalDatatype>
<dataTypeSize>255</dataTypeSize>
</Attribute>
<Attribute name="date" id="3B1E53A5-02CA-1D27-302F-9CD259BA47B1">
<createdBy>carlostrejo</createdBy>
<createdTime>2015-07-16 20:41:42 UTC</createdTime>
<ownerDesignName>nimblepm_datamodel</ownerDesignName>
<engineerTo>
<item key="9C5C99D8-B214-D89C-9355-BBEECF223389" value="true"/>
<item key="CD3D3A6E-066C-F12A-1649-FB842AE652B6" value="true"/>
</engineerTo>
<nullsAllowed>true</nullsAllowed>
<useDomainConstraints>false</useDomainConstraints>
<use>1</use>
<logicalDatatype>LOGDT007</logicalDatatype>
</Attribute>
<Attribute name="BUILDING ID" id="C1C0ECB9-72D2-BD10-A78A-53F740EFE79F">
<createdBy>carlostrejo</createdBy>
<createdTime>2015-07-16 20:54:09 UTC</createdTime>
<generatorID>410A1999-06C5-F68B-FDD5-1DA1750E2480</generatorID>
<ownerDesignName>nimblepm_datamodel</ownerDesignName>
<engineerTo>
<item key="9C5C99D8-B214-D89C-9355-BBEECF223389" value="true"/>
<item key="CD3D3A6E-066C-F12A-1649-FB842AE652B6" value="true"/>
</engineerTo>
<nullsAllowed>true</nullsAllowed>
<referedAttribute>BFD1AFFE-ED57-455E-A7DD-3620426C8D69</referedAttribute>
<use>0</use>
<logicalDatatype>LOGDT019</logicalDatatype>
<domain>6E70DE84-56EA-FD55-C31F-555863DF8645</domain>
</Attribute>
<Attribute name="PROPERTY ID" id="0CCC5637-557C-2558-8E11-88801FCF198E">
<createdBy>carlostrejo</createdBy>
<createdTime>2015-07-16 20:54:58 UTC</createdTime>
<generatorID>05AE6EC4-03B9-E5C0-386D-80F1F4D1C3E2</generatorID>
<ownerDesignName>nimblepm_datamodel</ownerDesignName>
<engineerTo>
<item key="9C5C99D8-B214-D89C-9355-BBEECF223389" value="true"/>
<item key="CD3D3A6E-066C-F12A-1649-FB842AE652B6" value="true"/>
</engineerTo>
<nullsAllowed>true</nullsAllowed>
<referedAttribute>5E2F0D1D-0967-6232-A69B-007B5A608A98</referedAttribute>
<use>0</use>
<logicalDatatype>LOGDT019</logicalDatatype>
<domain>6E70DE84-56EA-FD55-C31F-555863DF8645</domain>
</Attribute>
</attributes>
<identifiers itemClass="oracle.dbtools.crest.model.design.logical.CandidateKey">
<identifier id="97A69DD1-77A8-5626-A261-FD26DBD4DA87" name="{entity} PK">
<createdBy>carlostrejo</createdBy>
<createdTime>2015-07-16 20:41:23 UTC</createdTime>
<ownerDesignName>nimblepm_datamodel</ownerDesignName>
<engineerTo>
<item key="9C5C99D8-B214-D89C-9355-BBEECF223389" value="true"/>
<item key="CD3D3A6E-066C-F12A-1649-FB842AE652B6" value="true"/>
</engineerTo>
<pk>true</pk>
<usedAttributes>
<attributeRef>92154294-06C2-88DF-509B-D484DDDDBB97</attributeRef>
</usedAttributes>
</identifier>
</identifiers>
</Entity>