<?xml version = '1.0' encoding = 'UTF-8'?>
<Entity class="oracle.dbtools.crest.model.design.logical.Entity" directorySegmentName="seg_0" id="E8CBD037-B137-9E34-A522-D9D77AA04C6C" name="NPM AGREEMENTS">
<createdBy>carlostrejo</createdBy>
<createdTime>2015-07-06 20:09:13 UTC</createdTime>
<generatorID>5E95DF6E-2EEC-B889-38FD-FEEA094BF268</generatorID>
<ownerDesignName>nimblepm_datamodel</ownerDesignName>
<engineerTo>
<item key="9C5C99D8-B214-D89C-9355-BBEECF223389" value="true"/>
<item key="CD3D3A6E-066C-F12A-1649-FB842AE652B6" value="true"/>
</engineerTo>
<adequatelyNormalized>NO</adequatelyNormalized>
<expectedVolumes>0</expectedVolumes>
<fwdEngineeringStrategyName>Single Table</fwdEngineeringStrategyName>
<growthPercent>0</growthPercent>
<growthType>Year</growthType>
<maxVolumes>9999999</maxVolumes>
<minVolumes>0</minVolumes>
<normalForm>Third</normalForm>
<attributes itemClass="oracle.dbtools.crest.model.design.logical.Attribute">
<Attribute name="AGREEMENT ID" id="E896632C-4940-6296-D324-976CB5EACDE6">
<createdBy>carlostrejo</createdBy>
<createdTime>2015-07-06 20:09:13 UTC</createdTime>
<generatorID>8BADAEAB-E370-6632-2D8C-AF2AC56DC07B</generatorID>
<ownerDesignName>nimblepm_datamodel</ownerDesignName>
<engineerTo>
<item key="9C5C99D8-B214-D89C-9355-BBEECF223389" value="true"/>
<item key="CD3D3A6E-066C-F12A-1649-FB842AE652B6" value="true"/>
</engineerTo>
<use>0</use>
<logicalDatatype>LOGDT019</logicalDatatype>
<domain>6E70DE84-56EA-FD55-C31F-555863DF8645</domain>
</Attribute>
<Attribute name="CONTRACT NUMBER" id="2D96C4BD-5BD9-384C-25ED-152FEF01E8FD">
<createdBy>carlostrejo</createdBy>
<createdTime>2015-07-06 20:09:13 UTC</createdTime>
<generatorID>48B99496-7B55-D219-1634-6831579D984D</generatorID>
<ownerDesignName>nimblepm_datamodel</ownerDesignName>
<engineerTo>
<item key="9C5C99D8-B214-D89C-9355-BBEECF223389" value="true"/>
<item key="CD3D3A6E-066C-F12A-1649-FB842AE652B6" value="true"/>
</engineerTo>
<nullsAllowed>true</nullsAllowed>
<use>0</use>
<logicalDatatype>LOGDT019</logicalDatatype>
<domain>6E70DE84-56EA-FD55-C31F-555863DF8645</domain>
</Attribute>
<Attribute name="PURPOSE" id="B53CBEE1-CE23-3964-F100-89885D3D188C">
<createdBy>carlostrejo</createdBy>
<createdTime>2015-07-06 20:09:13 UTC</createdTime>
<generatorID>96CC76F8-54E3-047F-EBB0-6409D5445D31</generatorID>
<ownerDesignName>nimblepm_datamodel</ownerDesignName>
<engineerTo>
<item key="9C5C99D8-B214-D89C-9355-BBEECF223389" value="true"/>
<item key="CD3D3A6E-066C-F12A-1649-FB842AE652B6" value="true"/>
</engineerTo>
<nullsAllowed>true</nullsAllowed>
<use>0</use>
<logicalDatatype>LOGDT024</logicalDatatype>
<domain>C37064F9-CE09-5BD2-70F7-FBEA763F3808</domain>
</Attribute>
<Attribute name="START DATE" id="94A74845-56C2-E828-A520-9AEF999E6AAE">
<createdBy>carlostrejo</createdBy>
<createdTime>2015-07-06 20:09:13 UTC</createdTime>
<generatorID>DB990BAA-0FC1-4C97-5FD7-6043F41F4340</generatorID>
<ownerDesignName>nimblepm_datamodel</ownerDesignName>
<engineerTo>
<item key="9C5C99D8-B214-D89C-9355-BBEECF223389" value="true"/>
<item key="CD3D3A6E-066C-F12A-1649-FB842AE652B6" value="true"/>
</engineerTo>
<nullsAllowed>true</nullsAllowed>
<use>0</use>
<logicalDatatype>LOGDT007</logicalDatatype>
<domain>C088B010-3073-E8C9-16B8-732C8FDC687F</domain>
</Attribute>
<Attribute name="END DATE" id="88FB045B-E023-06AC-7E8F-BD0B03D81BB9">
<createdBy>carlostrejo</createdBy>
<createdTime>2015-07-06 20:09:13 UTC</createdTime>
<generatorID>84367A74-4E31-3375-76ED-20D57DBCC323</generatorID>
<ownerDesignName>nimblepm_datamodel</ownerDesignName>
<engineerTo>
<item key="9C5C99D8-B214-D89C-9355-BBEECF223389" value="true"/>
<item key="CD3D3A6E-066C-F12A-1649-FB842AE652B6" value="true"/>
</engineerTo>
<nullsAllowed>true</nullsAllowed>
<use>0</use>
<logicalDatatype>LOGDT007</logicalDatatype>
<domain>C088B010-3073-E8C9-16B8-732C8FDC687F</domain>
</Attribute>
<Attribute name="SIGNED DATE" id="670A957C-8DF2-5525-15FF-BC5E98FCE056">
<createdBy>carlostrejo</createdBy>
<createdTime>2015-07-06 20:09:13 UTC</createdTime>
<generatorID>3C221217-DF28-CA3A-D9CB-2A3F96E76DF4</generatorID>
<ownerDesignName>nimblepm_datamodel</ownerDesignName>
<engineerTo>
<item key="9C5C99D8-B214-D89C-9355-BBEECF223389" value="true"/>
<item key="CD3D3A6E-066C-F12A-1649-FB842AE652B6" value="true"/>
</engineerTo>
<nullsAllowed>true</nullsAllowed>
<use>0</use>
<logicalDatatype>LOGDT007</logicalDatatype>
<domain>C088B010-3073-E8C9-16B8-732C8FDC687F</domain>
</Attribute>
<Attribute name="CURRENT AMOUNT" id="B29EC63D-42EB-0814-9B46-95D66F53F083">
<createdBy>carlostrejo</createdBy>
<createdTime>2015-07-06 20:09:13 UTC</createdTime>
<generatorID>81A73425-C5FE-D9B0-949D-FE2FD48AA110</generatorID>
<ownerDesignName>nimblepm_datamodel</ownerDesignName>
<engineerTo>
<item key="9C5C99D8-B214-D89C-9355-BBEECF223389" value="true"/>
<item key="CD3D3A6E-066C-F12A-1649-FB842AE652B6" value="true"/>
</engineerTo>
<nullsAllowed>true</nullsAllowed>
<use>0</use>
<logicalDatatype>LOGDT019</logicalDatatype>
<domain>77FB8421-4B99-0760-2D7E-C333CEFAE624</domain>
</Attribute>
<Attribute name="RECEIVED DATE" id="C34E258A-6E9B-D223-C2FA-5AC46123B299">
<createdBy>carlostrejo</createdBy>
<createdTime>2015-07-06 20:09:13 UTC</createdTime>
<generatorID>9F93F85D-D6BA-DE0F-2F22-54F037528F19</generatorID>
<ownerDesignName>nimblepm_datamodel</ownerDesignName>
<engineerTo>
<item key="9C5C99D8-B214-D89C-9355-BBEECF223389" value="true"/>
<item key="CD3D3A6E-066C-F12A-1649-FB842AE652B6" value="true"/>
</engineerTo>
<nullsAllowed>true</nullsAllowed>
<use>0</use>
<logicalDatatype>LOGDT007</logicalDatatype>
<domain>C088B010-3073-E8C9-16B8-732C8FDC687F</domain>
</Attribute>
<Attribute name="RENEWABLE" id="ADC03DAA-EBAE-F297-C3C9-3C202FB4AA30">
<createdBy>carlostrejo</createdBy>
<createdTime>2015-07-06 20:09:13 UTC</createdTime>
<generatorID>C392AEF3-2A96-37ED-7AD0-9973C13E125A</generatorID>
<ownerDesignName>nimblepm_datamodel</ownerDesignName>
<engineerTo>
<item key="9C5C99D8-B214-D89C-9355-BBEECF223389" value="true"/>
<item key="CD3D3A6E-066C-F12A-1649-FB842AE652B6" value="true"/>
</engineerTo>
<nullsAllowed>true</nullsAllowed>
<use>0</use>
<logicalDatatype>LOGDT025</logicalDatatype>
<domain>4CF51755-AC55-E0E1-CFCB-EDAD2EBE0256</domain>
</Attribute>
<Attribute name="STATUS" id="62CB9A4E-1DA4-E9A2-1B63-7C11ABB7B6C4">
<createdBy>carlostrejo</createdBy>
<createdTime>2015-07-06 20:09:13 UTC</createdTime>
<generatorID>62BFEE97-1794-84DC-76C5-8323ABEF1436</generatorID>
<ownerDesignName>nimblepm_datamodel</ownerDesignName>
<engineerTo>
<item key="9C5C99D8-B214-D89C-9355-BBEECF223389" value="true"/>
<item key="CD3D3A6E-066C-F12A-1649-FB842AE652B6" value="true"/>
</engineerTo>
<nullsAllowed>true</nullsAllowed>
<use>0</use>
<logicalDatatype>LOGDT024</logicalDatatype>
<domain>DA6AA42C-5EA2-523E-AA7A-E661681A9C91</domain>
</Attribute>
<Attribute name="SERVICE TYPE" id="9329469C-175F-C508-5E7B-45C73088E7E6">
<createdBy>carlostrejo</createdBy>
<createdTime>2015-07-06 20:09:13 UTC</createdTime>
<generatorID>AC7AC6C7-BEE2-BD02-F99E-42A8CB1FBC30</generatorID>
<ownerDesignName>nimblepm_datamodel</ownerDesignName>
<engineerTo>
<item key="9C5C99D8-B214-D89C-9355-BBEECF223389" value="true"/>
<item key="CD3D3A6E-066C-F12A-1649-FB842AE652B6" value="true"/>
</engineerTo>
<nullsAllowed>true</nullsAllowed>
<use>0</use>
<logicalDatatype>LOGDT024</logicalDatatype>
<domain>A6406871-8230-5E09-2D88-C7E39201D8A8</domain>
</Attribute>
<Attribute name="ACCOUNT TYPE" id="AF07F58F-D638-7CB4-0D12-80C9B1A732A2">
<createdBy>carlostrejo</createdBy>
<createdTime>2015-07-06 20:09:13 UTC</createdTime>
<generatorID>75379511-5CE5-11E9-CCD4-72F422532F97</generatorID>
<ownerDesignName>nimblepm_datamodel</ownerDesignName>
<engineerTo>
<item key="9C5C99D8-B214-D89C-9355-BBEECF223389" value="true"/>
<item key="CD3D3A6E-066C-F12A-1649-FB842AE652B6" value="true"/>
</engineerTo>
<nullsAllowed>true</nullsAllowed>
<use>0</use>
<logicalDatatype>LOGDT019</logicalDatatype>
<domain>055454B4-7EF2-2A4B-C2E8-48537B344257</domain>
</Attribute>
<Attribute name="LAST CONTACT DATE" id="E852A69F-FA4F-C96A-CEB5-55D6B23CA7B6">
<createdBy>carlostrejo</createdBy>
<createdTime>2015-07-06 20:09:13 UTC</createdTime>
<generatorID>60EBFC76-9EF0-C573-15A7-6C48122ABDC9</generatorID>
<ownerDesignName>nimblepm_datamodel</ownerDesignName>
<engineerTo>
<item key="9C5C99D8-B214-D89C-9355-BBEECF223389" value="true"/>
<item key="CD3D3A6E-066C-F12A-1649-FB842AE652B6" value="true"/>
</engineerTo>
<nullsAllowed>true</nullsAllowed>
<use>0</use>
<logicalDatatype>LOGDT007</logicalDatatype>
<domain>C088B010-3073-E8C9-16B8-732C8FDC687F</domain>
</Attribute>
<Attribute name="LOGGED BY" id="593418A2-F2EC-E974-6299-B6B3FEAFAC57">
<createdBy>carlostrejo</createdBy>
<createdTime>2015-07-06 20:09:13 UTC</createdTime>
<generatorID>113514F2-9833-DF59-DCAE-48F8EBD90ACC</generatorID>
<ownerDesignName>nimblepm_datamodel</ownerDesignName>
<engineerTo>
<item key="9C5C99D8-B214-D89C-9355-BBEECF223389" value="true"/>
<item key="CD3D3A6E-066C-F12A-1649-FB842AE652B6" value="true"/>
</engineerTo>
<nullsAllowed>true</nullsAllowed>
<use>0</use>
<logicalDatatype>LOGDT024</logicalDatatype>
<domain>3CB26187-E5DA-F895-E091-CA902BDEF4C4</domain>
</Attribute>
<Attribute name="ORIGINAL AMOUNT" id="4CC6D707-0FC6-9285-7F05-0F16179F4A98">
<createdBy>carlostrejo</createdBy>
<createdTime>2015-07-06 20:09:13 UTC</createdTime>
<generatorID>933756A8-2649-F714-7729-7D8403BD847F</generatorID>
<ownerDesignName>nimblepm_datamodel</ownerDesignName>
<engineerTo>
<item key="9C5C99D8-B214-D89C-9355-BBEECF223389" value="true"/>
<item key="CD3D3A6E-066C-F12A-1649-FB842AE652B6" value="true"/>
</engineerTo>
<nullsAllowed>true</nullsAllowed>
<use>0</use>
<logicalDatatype>LOGDT019</logicalDatatype>
<domain>77FB8421-4B99-0760-2D7E-C333CEFAE624</domain>
</Attribute>
<Attribute name="DEPARTMENT ID" id="F526D13A-39A7-4F4C-8C37-E2C737689278">
<createdBy>carlostrejo</createdBy>
<createdTime>2015-07-06 20:09:13 UTC</createdTime>
<generatorID>90E7137A-DF23-5CC3-6F92-FA512D2E70D2</generatorID>
<ownerDesignName>nimblepm_datamodel</ownerDesignName>
<engineerTo>
<item key="9C5C99D8-B214-D89C-9355-BBEECF223389" value="true"/>
<item key="CD3D3A6E-066C-F12A-1649-FB842AE652B6" value="true"/>
</engineerTo>
<nullsAllowed>true</nullsAllowed>
<referedAttribute>735E8609-360F-E182-664F-4AE7CFCEB715</referedAttribute>
<use>0</use>
<logicalDatatype>LOGDT019</logicalDatatype>
<domain>6E70DE84-56EA-FD55-C31F-555863DF8645</domain>
</Attribute>
<Attribute name="VENDOR ID" id="338E75F8-8856-9C24-F08B-C5A9920DFAB0">
<createdBy>carlostrejo</createdBy>
<createdTime>2015-07-06 20:09:13 UTC</createdTime>
<generatorID>E16EFF1F-6243-CD99-A316-2326A02998BB</generatorID>
<ownerDesignName>nimblepm_datamodel</ownerDesignName>
<engineerTo>
<item key="9C5C99D8-B214-D89C-9355-BBEECF223389" value="true"/>
<item key="CD3D3A6E-066C-F12A-1649-FB842AE652B6" value="true"/>
</engineerTo>
<nullsAllowed>true</nullsAllowed>
<referedAttribute>C4A2A893-8648-D798-92AF-E696E7786C9F</referedAttribute>
<use>0</use>
<logicalDatatype>LOGDT019</logicalDatatype>
<domain>6E70DE84-56EA-FD55-C31F-555863DF8645</domain>
</Attribute>
<Attribute name="DEPT CONTACT ID" id="4540F422-5FDF-21C1-7448-6B616AE97061">
<createdBy>carlostrejo</createdBy>
<createdTime>2015-07-06 20:09:13 UTC</createdTime>
<generatorID>07E86AE5-3B8A-0438-2BEA-7DC3C6E89B95</generatorID>
<ownerDesignName>nimblepm_datamodel</ownerDesignName>
<engineerTo>
<item key="9C5C99D8-B214-D89C-9355-BBEECF223389" value="true"/>
<item key="CD3D3A6E-066C-F12A-1649-FB842AE652B6" value="true"/>
</engineerTo>
<nullsAllowed>true</nullsAllowed>
<referedAttribute>B74B2020-C8F6-A522-F2FD-5D82ABE4C772</referedAttribute>
<use>0</use>
<logicalDatatype>LOGDT019</logicalDatatype>
<domain>6E70DE84-56EA-FD55-C31F-555863DF8645</domain>
</Attribute>
<Attribute name="DEPT CONTACT ADMIN ID" id="29CB9661-4BAA-10F8-C84A-F478390CFC91">
<createdBy>carlostrejo</createdBy>
<createdTime>2015-07-06 20:09:13 UTC</createdTime>
<generatorID>A42A1597-2616-D357-F055-74DBD151E6D9</generatorID>
<ownerDesignName>nimblepm_datamodel</ownerDesignName>
<engineerTo>
<item key="9C5C99D8-B214-D89C-9355-BBEECF223389" value="true"/>
<item key="CD3D3A6E-066C-F12A-1649-FB842AE652B6" value="true"/>
</engineerTo>
<nullsAllowed>true</nullsAllowed>
<referedAttribute>B74B2020-C8F6-A522-F2FD-5D82ABE4C772</referedAttribute>
<use>0</use>
<logicalDatatype>LOGDT019</logicalDatatype>
<domain>6E70DE84-56EA-FD55-C31F-555863DF8645</domain>
</Attribute>
<Attribute name="REVIEWED BY" id="FA7B8A2C-32FC-7B2C-A466-4C96B3971AE3">
<createdBy>carlostrejo</createdBy>
<createdTime>2015-07-06 20:09:13 UTC</createdTime>
<generatorID>94E7D678-4059-D4C3-0762-1F18A9A44B74</generatorID>
<ownerDesignName>nimblepm_datamodel</ownerDesignName>
<engineerTo>
<item key="9C5C99D8-B214-D89C-9355-BBEECF223389" value="true"/>
<item key="CD3D3A6E-066C-F12A-1649-FB842AE652B6" value="true"/>
</engineerTo>
<nullsAllowed>true</nullsAllowed>
<use>0</use>
<logicalDatatype>LOGDT024</logicalDatatype>
<domain>7E51CB4D-A07B-E66A-8DC9-0D18B39394C4</domain>
</Attribute>
<Attribute name="SIGNED BY" id="6E964262-3AC1-4BA9-2FC2-FB93425C0A0C">
<createdBy>carlostrejo</createdBy>
<createdTime>2015-07-06 20:09:13 UTC</createdTime>
<generatorID>8306E59E-C603-2F0C-41DC-F729BA440282</generatorID>
<ownerDesignName>nimblepm_datamodel</ownerDesignName>
<engineerTo>
<item key="9C5C99D8-B214-D89C-9355-BBEECF223389" value="true"/>
<item key="CD3D3A6E-066C-F12A-1649-FB842AE652B6" value="true"/>
</engineerTo>
<nullsAllowed>true</nullsAllowed>
<use>0</use>
<logicalDatatype>LOGDT024</logicalDatatype>
<domain>7E51CB4D-A07B-E66A-8DC9-0D18B39394C4</domain>
</Attribute>
<Attribute name="ONGOING" id="D1A3D7B6-05E6-A11E-C140-A5EED9E578A5">
<createdBy>carlostrejo</createdBy>
<createdTime>2015-07-06 20:09:13 UTC</createdTime>
<generatorID>9A923E46-9E30-F4E8-1F9E-21B65E88E232</generatorID>
<ownerDesignName>nimblepm_datamodel</ownerDesignName>
<engineerTo>
<item key="9C5C99D8-B214-D89C-9355-BBEECF223389" value="true"/>
<item key="CD3D3A6E-066C-F12A-1649-FB842AE652B6" value="true"/>
</engineerTo>
<nullsAllowed>true</nullsAllowed>
<use>0</use>
<logicalDatatype>LOGDT025</logicalDatatype>
<domain>4CF51755-AC55-E0E1-CFCB-EDAD2EBE0256</domain>
</Attribute>
<Attribute name="FOREIGN" id="C0B48C61-2EF0-388D-A61E-BE55FC74F995">
<createdBy>carlostrejo</createdBy>
<createdTime>2015-07-06 20:09:13 UTC</createdTime>
<generatorID>31A81360-3DB3-99D9-5DBA-57B9FAB9F6FC</generatorID>
<ownerDesignName>nimblepm_datamodel</ownerDesignName>
<engineerTo>
<item key="9C5C99D8-B214-D89C-9355-BBEECF223389" value="true"/>
<item key="CD3D3A6E-066C-F12A-1649-FB842AE652B6" value="true"/>
</engineerTo>
<nullsAllowed>true</nullsAllowed>
<use>0</use>
<logicalDatatype>LOGDT025</logicalDatatype>
<domain>4CF51755-AC55-E0E1-CFCB-EDAD2EBE0256</domain>
</Attribute>
<Attribute name="PARENT" id="23C4D18A-8949-44C5-5C1E-7AEE3C67EC7C">
<createdBy>carlostrejo</createdBy>
<createdTime>2015-07-06 20:09:13 UTC</createdTime>
<generatorID>08F49AF8-9610-3867-71F4-07A6242267F6</generatorID>
<ownerDesignName>nimblepm_datamodel</ownerDesignName>
<engineerTo>
<item key="9C5C99D8-B214-D89C-9355-BBEECF223389" value="true"/>
<item key="CD3D3A6E-066C-F12A-1649-FB842AE652B6" value="true"/>
</engineerTo>
<nullsAllowed>true</nullsAllowed>
<use>0</use>
<logicalDatatype>LOGDT019</logicalDatatype>
<domain>C8577EE6-87BA-51C0-5FCF-5431C1329AB0</domain>
</Attribute>
<Attribute name="VERSION" id="3E910235-52D9-CBCA-7984-CBB67381BD02">
<createdBy>carlostrejo</createdBy>
<createdTime>2015-07-06 20:09:13 UTC</createdTime>
<generatorID>CBD2359B-B36C-D3D2-DEE4-959E8BE5DE29</generatorID>
<ownerDesignName>nimblepm_datamodel</ownerDesignName>
<engineerTo>
<item key="9C5C99D8-B214-D89C-9355-BBEECF223389" value="true"/>
<item key="CD3D3A6E-066C-F12A-1649-FB842AE652B6" value="true"/>
</engineerTo>
<nullsAllowed>true</nullsAllowed>
<use>0</use>
<logicalDatatype>LOGDT024</logicalDatatype>
<domain>2CABDCE7-5F3F-593E-8DE4-BE421A19D017</domain>
</Attribute>
<Attribute name="TYPE" id="C330899B-0DDF-7423-FF06-033908DE44AD">
<createdBy>carlostrejo</createdBy>
<createdTime>2015-07-06 20:09:13 UTC</createdTime>
<generatorID>AE77404E-108E-AD5B-F8C7-A45F1C7B3927</generatorID>
<ownerDesignName>nimblepm_datamodel</ownerDesignName>
<engineerTo>
<item key="9C5C99D8-B214-D89C-9355-BBEECF223389" value="true"/>
<item key="CD3D3A6E-066C-F12A-1649-FB842AE652B6" value="true"/>
</engineerTo>
<nullsAllowed>true</nullsAllowed>
<use>0</use>
<logicalDatatype>LOGDT024</logicalDatatype>
<domain>C0F6616F-EB8D-78B0-4B50-B64CB86F23A6</domain>
</Attribute>
<Attribute name="FINAL" id="45ACAF22-B4B0-CAC7-9603-738829438453">
<createdBy>carlostrejo</createdBy>
<createdTime>2015-07-06 20:09:13 UTC</createdTime>
<generatorID>CEB239D7-6D51-A1F2-B7E9-572DF6FDD75D</generatorID>
<ownerDesignName>nimblepm_datamodel</ownerDesignName>
<engineerTo>
<item key="9C5C99D8-B214-D89C-9355-BBEECF223389" value="true"/>
<item key="CD3D3A6E-066C-F12A-1649-FB842AE652B6" value="true"/>
</engineerTo>
<nullsAllowed>true</nullsAllowed>
<use>0</use>
<logicalDatatype>LOGDT025</logicalDatatype>
<domain>4CF51755-AC55-E0E1-CFCB-EDAD2EBE0256</domain>
</Attribute>
<Attribute name="NOTE" id="CE017AB2-7AB4-9AE4-FBAC-7BFEE6142433">
<createdBy>carlostrejo</createdBy>
<createdTime>2015-07-06 20:09:13 UTC</createdTime>
<generatorID>88C87DB0-3327-E469-54DB-CE64B83269E2</generatorID>
<ownerDesignName>nimblepm_datamodel</ownerDesignName>
<engineerTo>
<item key="9C5C99D8-B214-D89C-9355-BBEECF223389" value="true"/>
<item key="CD3D3A6E-066C-F12A-1649-FB842AE652B6" value="true"/>
</engineerTo>
<nullsAllowed>true</nullsAllowed>
<use>0</use>
<logicalDatatype>LOGDT028</logicalDatatype>
<domain>AE929917-8192-6AE8-4F74-4B918398916A</domain>
</Attribute>
<Attribute name="VENDOR CONTACT ID" id="0B3D50F1-EE66-DADE-A33F-2A36AE98A646">
<createdBy>carlostrejo</createdBy>
<createdTime>2015-07-06 20:09:13 UTC</createdTime>
<generatorID>B23F1D04-04BB-CD65-F74F-820BEB8325E3</generatorID>
<ownerDesignName>nimblepm_datamodel</ownerDesignName>
<engineerTo>
<item key="9C5C99D8-B214-D89C-9355-BBEECF223389" value="true"/>
<item key="CD3D3A6E-066C-F12A-1649-FB842AE652B6" value="true"/>
</engineerTo>
<nullsAllowed>true</nullsAllowed>
<referedAttribute>B74B2020-C8F6-A522-F2FD-5D82ABE4C772</referedAttribute>
<use>0</use>
<logicalDatatype>LOGDT019</logicalDatatype>
<domain>6E70DE84-56EA-FD55-C31F-555863DF8645</domain>
</Attribute>
<Attribute name="VEN FORMER NAME ID" id="752D02B9-D367-AE3D-92C3-AFA000F9D58C">
<createdBy>carlostrejo</createdBy>
<createdTime>2015-07-06 20:09:13 UTC</createdTime>
<generatorID>FCFB734B-0980-6F24-DD07-479B011707F8</generatorID>
<ownerDesignName>nimblepm_datamodel</ownerDesignName>
<engineerTo>
<item key="9C5C99D8-B214-D89C-9355-BBEECF223389" value="true"/>
<item key="CD3D3A6E-066C-F12A-1649-FB842AE652B6" value="true"/>
</engineerTo>
<nullsAllowed>true</nullsAllowed>
<referedAttribute>787DC171-5EAD-52E9-0E95-0CD23EABDF68</referedAttribute>
<use>0</use>
<logicalDatatype>LOGDT019</logicalDatatype>
<domain>C8577EE6-87BA-51C0-5FCF-5431C1329AB0</domain>
</Attribute>
<Attribute name="DEPT FORMER NAME ID" id="51D0D3FF-C8F7-226B-CE64-F67AEA8ED950">
<createdBy>carlostrejo</createdBy>
<createdTime>2015-07-06 20:09:13 UTC</createdTime>
<generatorID>24C0D51E-10CE-01D0-CC10-6BCA3947DADE</generatorID>
<ownerDesignName>nimblepm_datamodel</ownerDesignName>
<engineerTo>
<item key="9C5C99D8-B214-D89C-9355-BBEECF223389" value="true"/>
<item key="CD3D3A6E-066C-F12A-1649-FB842AE652B6" value="true"/>
</engineerTo>
<nullsAllowed>true</nullsAllowed>
<referedAttribute>787DC171-5EAD-52E9-0E95-0CD23EABDF68</referedAttribute>
<use>0</use>
<logicalDatatype>LOGDT019</logicalDatatype>
<domain>C8577EE6-87BA-51C0-5FCF-5431C1329AB0</domain>
</Attribute>
<Attribute name="DATE ACCESSED" id="CD45AEDA-A3A6-7F8E-E898-2DCB23E568BC">
<createdBy>carlostrejo</createdBy>
<createdTime>2015-07-06 20:09:13 UTC</createdTime>
<generatorID>31FFD7E4-352A-933E-EF85-A10DD9957DE0</generatorID>
<ownerDesignName>nimblepm_datamodel</ownerDesignName>
<engineerTo>
<item key="9C5C99D8-B214-D89C-9355-BBEECF223389" value="true"/>
<item key="CD3D3A6E-066C-F12A-1649-FB842AE652B6" value="true"/>
</engineerTo>
<nullsAllowed>true</nullsAllowed>
<use>0</use>
<logicalDatatype>LOGDT007</logicalDatatype>
<domain>C088B010-3073-E8C9-16B8-732C8FDC687F</domain>
</Attribute>
<Attribute name="VERSION PARENT" id="2FB92859-D888-6BEA-569C-3679DB692D72">
<createdBy>carlostrejo</createdBy>
<createdTime>2015-07-06 20:09:13 UTC</createdTime>
<generatorID>1626A0BD-6979-42D5-3CD7-8C12B2AC59DD</generatorID>
<ownerDesignName>nimblepm_datamodel</ownerDesignName>
<engineerTo>
<item key="9C5C99D8-B214-D89C-9355-BBEECF223389" value="true"/>
<item key="CD3D3A6E-066C-F12A-1649-FB842AE652B6" value="true"/>
</engineerTo>
<nullsAllowed>true</nullsAllowed>
<use>0</use>
<logicalDatatype>LOGDT019</logicalDatatype>
<domain>6E70DE84-56EA-FD55-C31F-555863DF8645</domain>
</Attribute>
<Attribute name="AGREEMENT PARENT" id="57389D9E-EAC0-2CF9-0135-00C1801B707C">
<createdBy>carlostrejo</createdBy>
<createdTime>2015-07-06 20:09:13 UTC</createdTime>
<generatorID>59359F97-5922-375F-76E8-71FFE5C359C2</generatorID>
<ownerDesignName>nimblepm_datamodel</ownerDesignName>
<engineerTo>
<item key="9C5C99D8-B214-D89C-9355-BBEECF223389" value="true"/>
<item key="CD3D3A6E-066C-F12A-1649-FB842AE652B6" value="true"/>
</engineerTo>
<nullsAllowed>true</nullsAllowed>
<use>0</use>
<logicalDatatype>LOGDT019</logicalDatatype>
<domain>6E70DE84-56EA-FD55-C31F-555863DF8645</domain>
</Attribute>
<Attribute name="DATE ACCESSED 1" id="F8D01FAF-2213-C7AF-5C56-A153FCDF3E64">
<createdBy>carlostrejo</createdBy>
<createdTime>2015-07-06 20:09:13 UTC</createdTime>
<generatorID>6E8F935C-68F4-58EC-FDBB-2748F6C804EB</generatorID>
<ownerDesignName>nimblepm_datamodel</ownerDesignName>
<engineerTo>
<item key="9C5C99D8-B214-D89C-9355-BBEECF223389" value="true"/>
<item key="CD3D3A6E-066C-F12A-1649-FB842AE652B6" value="true"/>
</engineerTo>
<nullsAllowed>true</nullsAllowed>
<use>0</use>
<logicalDatatype>LOGDT007</logicalDatatype>
<domain>C088B010-3073-E8C9-16B8-732C8FDC687F</domain>
</Attribute>
<Attribute name="ALIAS" id="C9BDD668-1742-3733-5B69-CEFC6CB780BD">
<createdBy>carlostrejo</createdBy>
<createdTime>2015-07-06 20:09:13 UTC</createdTime>
<generatorID>33A43DFD-F58A-BECD-40CD-87943B3539FE</generatorID>
<ownerDesignName>nimblepm_datamodel</ownerDesignName>
<engineerTo>
<item key="9C5C99D8-B214-D89C-9355-BBEECF223389" value="true"/>
<item key="CD3D3A6E-066C-F12A-1649-FB842AE652B6" value="true"/>
</engineerTo>
<nullsAllowed>true</nullsAllowed>
<use>0</use>
<logicalDatatype>LOGDT024</logicalDatatype>
<domain>DA6AA42C-5EA2-523E-AA7A-E661681A9C91</domain>
</Attribute>
<Attribute name="ASSIGNED TO" id="F26CACA9-F8C4-CD24-232F-9AA1190C3720">
<createdBy>carlostrejo</createdBy>
<createdTime>2015-07-06 20:09:13 UTC</createdTime>
<generatorID>7EB89621-5E66-6B35-9A7A-587F6BA8B3F9</generatorID>
<ownerDesignName>nimblepm_datamodel</ownerDesignName>
<engineerTo>
<item key="9C5C99D8-B214-D89C-9355-BBEECF223389" value="true"/>
<item key="CD3D3A6E-066C-F12A-1649-FB842AE652B6" value="true"/>
</engineerTo>
<nullsAllowed>true</nullsAllowed>
<use>0</use>
<logicalDatatype>LOGDT024</logicalDatatype>
<domain>DA6AA42C-5EA2-523E-AA7A-E661681A9C91</domain>
</Attribute>
<Attribute name="AUTHOR" id="219C073C-A265-2EEF-0342-FFAE9377A1B7">
<createdBy>carlostrejo</createdBy>
<createdTime>2015-07-06 20:09:13 UTC</createdTime>
<generatorID>39143A4A-573D-F229-D569-00584243950A</generatorID>
<ownerDesignName>nimblepm_datamodel</ownerDesignName>
<engineerTo>
<item key="9C5C99D8-B214-D89C-9355-BBEECF223389" value="true"/>
<item key="CD3D3A6E-066C-F12A-1649-FB842AE652B6" value="true"/>
</engineerTo>
<nullsAllowed>true</nullsAllowed>
<use>0</use>
<logicalDatatype>LOGDT024</logicalDatatype>
<domain>F170F3D4-FEC9-02E2-4297-7B9F9D02D34E</domain>
</Attribute>
<Attribute name="PROPERTY ID" id="F364F143-BCFD-F228-21BA-D0AF5A8B367A">
<createdBy>carlostrejo</createdBy>
<createdTime>2015-07-06 20:09:13 UTC</createdTime>
<generatorID>2D395C5D-7D77-04EE-A156-57FDB4026B77</generatorID>
<ownerDesignName>nimblepm_datamodel</ownerDesignName>
<engineerTo>
<item key="9C5C99D8-B214-D89C-9355-BBEECF223389" value="true"/>
<item key="CD3D3A6E-066C-F12A-1649-FB842AE652B6" value="true"/>
</engineerTo>
<nullsAllowed>true</nullsAllowed>
<use>0</use>
<logicalDatatype>LOGDT019</logicalDatatype>
<domain>6E70DE84-56EA-FD55-C31F-555863DF8645</domain>
</Attribute>
<Attribute name="VERSION DATE" id="FDF8D312-0D14-6EE9-6AFD-34A24CA0277E">
<createdBy>carlostrejo</createdBy>
<createdTime>2015-07-06 20:09:13 UTC</createdTime>
<generatorID>7E5E57D8-21FB-361C-C526-99804EC3A4C7</generatorID>
<ownerDesignName>nimblepm_datamodel</ownerDesignName>
<engineerTo>
<item key="9C5C99D8-B214-D89C-9355-BBEECF223389" value="true"/>
<item key="CD3D3A6E-066C-F12A-1649-FB842AE652B6" value="true"/>
</engineerTo>
<nullsAllowed>true</nullsAllowed>
<use>0</use>
<logicalDatatype>LOGDT007</logicalDatatype>
<domain>C088B010-3073-E8C9-16B8-732C8FDC687F</domain>
</Attribute>
<Attribute name="CREATED" id="7F87C2A9-ACB6-9EA4-8D13-91344DB909D8">
<createdBy>carlostrejo</createdBy>
<createdTime>2015-07-06 20:09:13 UTC</createdTime>
<generatorID>92546ED3-0114-4E3A-3A3A-D7F5226079CA</generatorID>
<ownerDesignName>nimblepm_datamodel</ownerDesignName>
<engineerTo>
<item key="9C5C99D8-B214-D89C-9355-BBEECF223389" value="true"/>
<item key="CD3D3A6E-066C-F12A-1649-FB842AE652B6" value="true"/>
</engineerTo>
<nullsAllowed>true</nullsAllowed>
<use>0</use>
<logicalDatatype>LOGDT007</logicalDatatype>
<domain>C088B010-3073-E8C9-16B8-732C8FDC687F</domain>
</Attribute>
<Attribute name="CREATED BY" id="9D56208E-28D9-1CB6-B3AE-4654E231DFE0">
<createdBy>carlostrejo</createdBy>
<createdTime>2015-07-06 20:09:13 UTC</createdTime>
<generatorID>E8BF6D3D-8648-8A4A-11AE-55A9044DBBB4</generatorID>
<ownerDesignName>nimblepm_datamodel</ownerDesignName>
<engineerTo>
<item key="9C5C99D8-B214-D89C-9355-BBEECF223389" value="true"/>
<item key="CD3D3A6E-066C-F12A-1649-FB842AE652B6" value="true"/>
</engineerTo>
<nullsAllowed>true</nullsAllowed>
<use>0</use>
<logicalDatatype>LOGDT024</logicalDatatype>
<domain>A66AF118-C268-14CE-8F42-978DAE668674</domain>
</Attribute>
<Attribute name="ROW VERSION NUMBER" id="B55D7DAB-255F-4478-89F2-2FF84706FDC3">
<createdBy>carlostrejo</createdBy>
<createdTime>2015-07-06 20:09:13 UTC</createdTime>
<generatorID>3C4EAC58-7F4D-403C-5016-AC1AAABA9B79</generatorID>
<ownerDesignName>nimblepm_datamodel</ownerDesignName>
<engineerTo>
<item key="9C5C99D8-B214-D89C-9355-BBEECF223389" value="true"/>
<item key="CD3D3A6E-066C-F12A-1649-FB842AE652B6" value="true"/>
</engineerTo>
<nullsAllowed>true</nullsAllowed>
<use>0</use>
<logicalDatatype>LOGDT019</logicalDatatype>
<domain>6E70DE84-56EA-FD55-C31F-555863DF8645</domain>
</Attribute>
<Attribute name="UPDATED" id="EAF2F966-746B-268F-1B41-89DD9D1DBFE1">
<createdBy>carlostrejo</createdBy>
<createdTime>2015-07-06 20:09:13 UTC</createdTime>
<generatorID>2D3A2633-A7EA-29E4-04D0-96F5C11D5E53</generatorID>
<ownerDesignName>nimblepm_datamodel</ownerDesignName>
<engineerTo>
<item key="9C5C99D8-B214-D89C-9355-BBEECF223389" value="true"/>
<item key="CD3D3A6E-066C-F12A-1649-FB842AE652B6" value="true"/>
</engineerTo>
<nullsAllowed>true</nullsAllowed>
<use>0</use>
<logicalDatatype>LOGDT007</logicalDatatype>
<domain>C088B010-3073-E8C9-16B8-732C8FDC687F</domain>
</Attribute>
<Attribute name="UPDATED BY" id="17C88E52-1C67-D2CE-92AE-C3B6219DDCF1">
<createdBy>carlostrejo</createdBy>
<createdTime>2015-07-06 20:09:13 UTC</createdTime>
<generatorID>5545A5D6-FE68-F566-A9E6-E3402B9D5EAD</generatorID>
<ownerDesignName>nimblepm_datamodel</ownerDesignName>
<engineerTo>
<item key="9C5C99D8-B214-D89C-9355-BBEECF223389" value="true"/>
<item key="CD3D3A6E-066C-F12A-1649-FB842AE652B6" value="true"/>
</engineerTo>
<nullsAllowed>true</nullsAllowed>
<use>0</use>
<logicalDatatype>LOGDT024</logicalDatatype>
<domain>A66AF118-C268-14CE-8F42-978DAE668674</domain>
</Attribute>
</attributes>
<identifiers itemClass="oracle.dbtools.crest.model.design.logical.CandidateKey">
<identifier id="10317EAD-481F-6370-01F0-7725D83960D9" name="UTBC CONTRACT ID PK">
<createdBy>carlostrejo</createdBy>
<createdTime>2015-07-06 20:09:13 UTC</createdTime>
<generatorID>FE821026-D4CC-DA9D-8593-36289F7FBCD3</generatorID>
<ownerDesignName>nimblepm_datamodel</ownerDesignName>
<shouldEngineer>false</shouldEngineer>
<engineerTo>
<item key="9C5C99D8-B214-D89C-9355-BBEECF223389" value="true"/>
<item key="CD3D3A6E-066C-F12A-1649-FB842AE652B6" value="false"/>
</engineerTo>
<pk>true</pk>
<usedAttributes>
<attributeRef>E896632C-4940-6296-D324-976CB5EACDE6</attributeRef>
</usedAttributes>
</identifier>
</identifiers>
</Entity>