<?xml version = '1.0' encoding = 'UTF-8'?>
<FunctionOracle class="oracle.dbtools.crest.model.design.storage.oracle.FunctionOracle" name="NO_HTML" directorySegmentName="seg_0" id="1A21196E-EFA7-3C27-0929-87E0ADA36A97">
<sourceDDLFile>schema_test.sql</sourceDDLFile>
<createdBy>carlostrejo</createdBy>
<createdTime>2015-07-06 20:04:57 UTC</createdTime>
<ownerDesignName>nimblepm_datamodel</ownerDesignName>
<source>CREATE OR REPLACE FUNCTION  NO_HTML &lt;br/&gt;      (p_string  IN CLOB)&lt;br/&gt;      RETURN          CLOB&lt;br/&gt;    AS&lt;br/&gt;      v_string_in   CLOB := p_string;&lt;br/&gt;      v_string_out  CLOB;&lt;br/&gt;      v_temp  NUMERIC;&lt;br/&gt;    BEGIN&lt;br/&gt;      v_string_in := REPLACE(v_string_in, &apos;&lt;/p&gt;&apos;, &apos;  &apos;);&lt;br/&gt;      v_string_in := REPLACE(v_string_in, &apos;&lt;br&gt;&apos;, &apos;  &apos;);&lt;br/&gt;      v_string_in := REPLACE(v_string_in, &apos;&lt;br/&gt;&apos;, &apos;  &apos;);&lt;br/&gt;      v_string_in := REPLACE(v_string_in, &apos;&lt;br /&gt;&apos;, &apos;  &apos;);&lt;br/&gt;      WHILE INSTR (v_string_in, &apos;&gt;&apos;) &gt; 0 LOOP&lt;br/&gt;          v_temp := INSTR (v_string_in, &apos;&lt;&apos;);&lt;br/&gt;          IF v_temp &gt; 1 then&lt;br/&gt;          v_string_out := v_string_out&lt;br/&gt;                   || SUBSTR (v_string_in, 1, v_temp - 1);&lt;br/&gt;          END IF;&lt;br/&gt;          v_string_in  := SUBSTR (v_string_in, INSTR (v_string_in, &apos;&gt;&apos;) + 1);&lt;br/&gt;     END LOOP;&lt;br/&gt;     v_string_out := v_string_out || v_string_in;&lt;br/&gt;      v_string_out := REPLACE(v_string_out, &apos;&amp;nbsp;&apos;, &apos; &apos;);&lt;br/&gt;      v_string_out := REPLACE(v_string_out, &apos;&amp;#39;&apos;, chr(39));&lt;br/&gt;      v_string_out := REPLACE(v_string_out, &apos;&amp;amp;quot;&apos;, &apos;&quot;&apos;);&lt;br/&gt;      v_string_out := REPLACE(v_string_out, &apos;&amp;amp;lt;&apos;, &apos;&lt;&apos;);&lt;br/&gt;      v_string_out := REPLACE(v_string_out, &apos;&amp;amp;gt;&apos;, &apos;&gt;&apos;);&lt;br/&gt;      v_string_out := REPLACE(v_string_out, &apos;&amp;amp;&apos;, &apos;&amp;&apos;);&lt;br/&gt;      v_string_out := REPLACE(v_string_out, chr(10), &apos;&apos;);&lt;br/&gt;      v_string_out := REPLACE(v_string_out, chr(13), &apos;&apos;);&lt;br/&gt;      v_string_out := REPLACE(v_string_out, chr(13), &apos;&apos;);&lt;br/&gt;     RETURN v_string_out;&lt;br/&gt;   END no_html;</source>
</FunctionOracle>