<?xml version = '1.0' encoding = 'UTF-8'?>
<FunctionOracle class="oracle.dbtools.crest.model.design.storage.oracle.FunctionOracle" name="GET_DEPT_ID" directorySegmentName="seg_0" id="473D105E-F96A-793A-6F6F-5515D9BAE709">
<sourceDDLFile>schema_test.sql</sourceDDLFile>
<createdBy>carlostrejo</createdBy>
<createdTime>2015-07-06 20:04:57 UTC</createdTime>
<ownerDesignName>nimblepm_datamodel</ownerDesignName>
<source>CREATE OR REPLACE FUNCTION  GET_DEPT_ID &lt;br/&gt;(&lt;br/&gt;  dept_name_var   VARCHAR2&lt;br/&gt;)&lt;br/&gt;RETURN NUMBER&lt;br/&gt;AS&lt;br/&gt;  dept_id_var   NUMBER;&lt;br/&gt;BEGIN&lt;br/&gt;  SELECT department_id&lt;br/&gt;  into dept_id_var&lt;br/&gt;  FROM NPM_department&lt;br/&gt;  WHERE name = dept_name_var;&lt;br/&gt;  &lt;br/&gt;  return dept_id_var;&lt;br/&gt;  &lt;br/&gt;EXCEPTION &lt;br/&gt;  WHEN NO_DATA_FOUND THEN&lt;br/&gt;  RETURN 0;&lt;br/&gt;END;</source>
</FunctionOracle>